business,registerId,transactionId,receiptNumber,preOrderId,ErrorType,ShiftId1,ShiftId2
cozecafe,665404231981ca000791cbda,661c339c-80ff-4715-8d1a-dd1f003a3bf6,00000000202,,,,
cozecafe,665404231981ca000791cbda,0e535204-0f59-4fb5-ac8a-f79e9112dc2a,00000000229,,,,
cozecafe,665404231981ca000791cbda,1e76c596-6f12-4108-9b98-ce27f932e1c4,00000000287,,,,
cozecafe,665404231981ca000791cbda,01c41cb1-fc50-4897-bd78-2f627595ea0d,00000000286,,,,
cozecafe,665404231981ca000791cbda,7d5ddaa9-ef3f-48fb-b6eb-b7bc0f3b2737,00000000288,,,,
drwinebgccorp,62a2fc88246bfe0009b14d9e,04980ce9-2433-400c-96f7-1ace1e2b863d,00000156970,,,,
drwinebgccorp,62a2fc88246bfe0009b14d9e,6911924c-38bf-4cdb-8974-7d83f01b237f,00000156958,,,,
drwinebgccorp,62a2fc88246bfe0009b14d9e,707f2924-41da-49b2-b5c2-7cfb760edad6,00000156966,,,,
drwinebgccorp,62a2fc88246bfe0009b14d9e,7a52b331-27fc-48c8-b7b5-0e80ea5c26f1,00000157526,,,,
drwinebgccorp,62a2fc88246bfe0009b14d9e,b42b99c1-a2ca-4122-9673-b363d560165d,00000157221,,,,
drwinebgccorp,62a2fc88246bfe0009b14d9e,1900cc07-f44c-4de6-b80c-c21ed22621cc,00000157280,,,,
drwinebgccorp,62a2fc88246bfe0009b14d9e,a3d47e99-3c99-4ce9-a91e-85fadc8de643,00000157564,,,,
drwinebgccorp,62a2fc88246bfe0009b14d9e,b620ed93-10db-4bf5-9546-5c03f5b5457d,00000157565,,,,
drwinebgccorp,62a2fc88246bfe0009b14d9e,72c08be5-c071-4ddb-b522-aaf83d3e1d5a,00000158187,,,,
drwinebgccorp,62a2fc88246bfe0009b14d9e,c7c2d06f-e42c-404b-9720-c32322c1f771,00000158175,,,,
krapow2020,62d67bb669a7e600082e45a8,7c1f863f-0f9e-4168-b219-ee2c9dd3b1ec,00100043148,,,,
krapow2020,62d67bb669a7e600082e45a8,aa367a1f-75b3-42f8-b421-5966b67e8d99,00100043152,,,,
krapow2020,62d67bb669a7e600082e45a8,c2ab1d5e-d963-4051-868e-9cc3f690da6f,00100043151,,,,
krapow2020,62d67bb669a7e600082e45a8,d7c3946a-b53a-42a9-a75b-5148eda2c43a,00100043149,,,,
krapow2020,62d67bb669a7e600082e45a8,1c9857c2-e719-4cea-a2e5-122590429536,00100043150,,,,
krapow2020,62d67bb669a7e600082e45a8,4bf45ad0-a454-4c33-9b7a-14f5af9a140c,00100043206,,,,
krapow2020,62d67bb669a7e600082e45a8,fee615dd-1ef1-4a5c-a724-324fa7586a4d,00100043205,,,,
kimpana,639fcc938406540008fafc8d,24e4e7bb-1c22-4841-8109-86113d3f2e5e,00100006983,,,,
abrahambohol,651a55cd0887a30007208aec,2a43cefd-abf9-4a6e-824e-15b381b22489,00000006177,,,,
locavore-greenhills,65e66c376863dc0007e268d0,bb8baf72-e6e1-4dae-a9fe-22fe22d8ff64,00000007924,,,,
locavore-greenhills,65e66c376863dc0007e268d0,ea3bcc2d-83fc-4083-91f2-b1d5f993fa11,00000007925,,,,
lingnamcaloocan,656d606ee1d7560007299b0e,acb700a4-08a6-4b2b-8544-e8f9909cd6dd,00100016368,,,,
lingnamcaloocan,656d606ee1d7560007299b0e,c0518817-bb6e-4567-9437-4e9e5d22212f,00100016369,,,,
lingnamcaloocan,656d606ee1d7560007299b0e,ccc15f2f-e41a-4bae-9872-3c7379c16a3d,00100016415,,,,
lingnamcaloocan,656d606ee1d7560007299b0e,ba624c98-072b-4247-8867-f94b841a1280,00100016417,,,,
lingnamcaloocan,656d606ee1d7560007299b0e,32e2e4fd-e585-4a96-ba7a-21e5b6192c3c,00100016416,,,,
legaleatiesfoodinc,64fac70f96fa380007dc4a92,91b2880b-a242-4d9c-8c0a-152662dba318,00000030969,,,,
lerevepatisserie,5e4b6dc364518c1707ee44d5,e2b5d814-4f18-4ddc-9b30-5d4d42d3384e,00000012001,,,,
lerevepatisserie,5e4b6dc364518c1707ee44d5,5dc5c656-1ac0-44d3-bded-8338833ed50d,00000012013,,,,
lerevepatisserie,5e4b6dc364518c1707ee44d5,73c048e1-224e-41f8-8571-a036a40c999a,00000012012,,,,
juhacafe,66c6def886176d0007ab9c8d,8225bfba-41b4-4c7d-a4fc-8d183984e8f3,00000000062,,,,
anikaislandresort,650126a47124ed0007684f30,1acd5726-02b9-41ed-a444-c46f3d7edfe0,00000002460,,,,
anikaislandresort,650126a47124ed0007684f30,0f6eea69-cbba-434a-ab0f-21699786190a,00000002461,,,,
anikaislandresort,650126a47124ed0007684f30,0086f605-b5cc-458b-bfe0-a9cbccbac1aa,00000002483,,,,
anikaislandresort,650126a47124ed0007684f30,5275f7ff-8769-42ad-bcf3-c67fbbff9a26,00000002484,,,,
anikaislandresort,650126a47124ed0007684f30,5066d405-f424-4918-bd1a-05eb6413d38f,00000002485,,,,
wellbainc,65814e19387a280007830289,d252ed8e-251d-4d7c-9896-e3da4b00eaa5,00000000038,,,,
wellbainc,65814e19387a280007830289,544b241a-d9bf-47c9-b6ab-ce735ce2041c,00000000037,,,,
wellbainc,65814e19387a280007830289,5d34064d-6986-4164-84d1-4f8144c3f0ee,00000000066,,,,
wellbainc,65814e19387a280007830289,a3be30b2-5476-42bb-9aea-9540a1c04126,00000000067,,,,
wellbainc,65814e19387a280007830289,d008a0bf-195f-4882-91f1-36ee4be6e33e,00000000068,,,,
wellbainc,65814e19387a280007830289,d82754de-e02b-4204-8d24-0b7314ab563e,00000000069,,,,
wellbainc,65814e19387a280007830289,c0cff074-000d-4065-8620-53c4462ad603,00000000084,,,,
iveganrestaurantinc,64c34b1ed10bc8000736b07b,742dfe13-6a34-4243-909b-f277da4913a9,00000013240,,,,
iveganrestaurantinc,64c34b1ed10bc8000736b07b,091c7942-0325-4f5a-a706-6044493d596d,00000013285,,,,
iveganrestaurantinc,64c34b1ed10bc8000736b07b,959bf1bd-2a41-47af-8063-1e690d8f8b84,00000013281,,,,
iveganrestaurantinc,64c34b1ed10bc8000736b07b,6c3ec274-c7db-4c8c-8d5a-e421c0ace0cb,00000013284,,,,
iveganrestaurantinc,64c34b1ed10bc8000736b07b,fcff6c86-57a3-4eaa-8d31-2668b6c8f7f5,00000013282,,,,
iveganrestaurantinc,64c34b1ed10bc8000736b07b,0033cf34-758d-42c0-9d16-999c796e9097,00000013283,,,,
iveganrestaurantinc,64c34b1ed10bc8000736b07b,bbdc17c1-d9c2-430f-a123-bb73106673b3,00000013351,,,,
iveganrestaurantinc,64c34b1ed10bc8000736b07b,5ae4933a-08e5-4e7b-90f6-b21f692e5663,00000013352,,,,
carmelossteakhouse,6569519da187b500072c0033,7b1ee158-579e-4b91-a10d-2de323da4ef9,00000001260,,,,
carmelossteakhouse,6569519da187b500072c0033,39bd8968-29d8-4e43-bb9b-65d830636656,00000001261,,,,
introlounge,64b4d6e7a2827e00074a1774,920816d4-4c61-4268-ae42-757af0601998,00000051238,,,,
introlounge,64b4d6e7a2827e00074a1774,67e58be2-9880-4c1a-9cc8-11d730feb2e0,00000051237,,,,
hillbarnrestaurant,6283db45a138000007813dd8,41e946aa-87be-49e8-b8d6-7e5d236cdada,00000032445,,,,
famouscountrywaffle,65b76f036859a4000600bb12,14f886e0-87d8-4e8b-9bf7-cd4c3adcb3a8,00000027766,,,,
famouscountrywaffle,65b76f036859a4000600bb12,a419bc9b-383e-42b9-b12f-cafd08553d85,00000027765,,,,
famouscountrywaffle,65b76f036859a4000600bb12,da2d3ba3-6aff-408a-bd08-2d241a264892,00000027762,,,,
famouscountrywaffle,65b76f036859a4000600bb12,73872291-9bcf-404a-b4f0-9edfad7c557d,00000027764,,,,
famouscountrywaffle,65b76f036859a4000600bb12,6c4e5b97-5d20-4713-8561-dfc50fe2d60d,00000027763,,,,
famouscountrywaffle,65b76f036859a4000600bb12,c9f4bc41-296e-40a8-a7cb-6c05cdfe0fc8,00000027771,,,,
famouscountrywaffle,65b76f036859a4000600bb12,4125a905-6912-42fc-985b-f3ef9c453707,00000027761,,,,
famouscountrywaffle,65b76f036859a4000600bb12,9a55f9bd-29e2-4e2d-8ec8-e47662e51247,00000027770,,,,
famouscountrywaffle,65b76f036859a4000600bb12,e0cefe76-36c4-4482-a20e-e15e1ae344b4,00000027773,,,,
famouscountrywaffle,65b76f036859a4000600bb12,a147cf87-1c60-4af6-a6f6-8fd4508f5652,00000027772,,,,
famouscountrywaffle,65b76f036859a4000600bb12,286d8caf-fcad-4db9-a898-a9e8ed034f94,00000027767,,,,
famouscountrywaffle,65b76f036859a4000600bb12,1fb51fa9-1459-4bc6-86b0-b5e5eca1985f,00000027720,,,,
famouscountrywaffle,65b76f036859a4000600bb12,ddbccea7-5556-4e48-8b37-40c1e461e5b0,00000027721,,,,
famouscountrywaffle,65b76f036859a4000600bb12,c22a107c-6e37-41a3-9905-00dabd48a671,00000027829,,,,
famouscountrywaffle,65b76f036859a4000600bb12,572ed8c3-a930-4062-a1fb-5945913d36ae,00000027869,,,,
famouscountrywaffle,65b76f036859a4000600bb12,d7a1ecda-7c23-46f5-b7c8-ae8a1709aa6d,00000027870,,,,
theabacagroup,647eea07e1a17f0009e9d1cf,86c69384-0136-4890-9ead-d3439e3498a5,01500024514,,,,
theabacagroup,647eea07e1a17f0009e9d1cf,932ef501-1aff-4c5d-84b4-bca337acae84,01500024513,,,,
theabacagroup,647eea07e1a17f0009e9d1cf,f2e38fbf-f5b6-4171-acbc-6c1bade5ad3d,01500024515,,,,
cris,66b5bf17f593d10007887ff4,b76b08c1-5def-4343-8068-b6e732db47a1,12800000074,,,,
organicogourmetinc,6513bb850e9ee6000734fa76,59483f8b-4814-4652-95a3-f6b2bd48e6dd,00200000557,,,,
herr,660bbf7cdef11a0007af75e9,c22862cd-eaf5-4c43-9e3b-8e46dd9640df,00000000170,,,,
herr,660bbf7cdef11a0007af75e9,1eccae2e-d42f-4b64-938f-ceb1eee95110,00000000176,,,,
herr,660bbf7cdef11a0007af75e9,bf239b48-9377-445a-af16-c241afbddf41,00000000169,,,,
herr,660bbf7cdef11a0007af75e9,4e0d5742-aa08-4297-950d-091cd8d1f89c,00000000171,,,,
herr,660bbf7cdef11a0007af75e9,162903df-aaf4-452b-9686-9f651f85d3c9,00000000177,,,,
herr,660bbf7cdef11a0007af75e9,181c0742-c1d2-4eef-ae62-c2bc5248b1bf,00000000185,,,,
herr,660bbf7cdef11a0007af75e9,3602cd0e-2e6d-43ba-a684-43275ffaacef,00000000189,,,,
herr,660bbf7cdef11a0007af75e9,2bcf1ab5-2aef-4ce7-97dc-e7c836a11faa,00000000183,,,,
herr,660bbf7cdef11a0007af75e9,5f799d44-e0c9-483a-bfa9-498bf80c7686,00000000182,,,,
herr,660bbf7cdef11a0007af75e9,a2accc0a-1a8f-4eaa-bc09-8509557c772c,00000000184,,,,
spottedpigcafe-legazpi,65b37b834ac979000829bec9,1911302c-a14a-4c6e-ae45-9258aa12f4c4,00000022867,,,,
spottedpigcafe-legazpi,65b37b834ac979000829bec9,095c1261-f942-49e1-9058-b71aa09cceec,00000022970,,,,
spottedpigcafe-legazpi,65b37b834ac979000829bec9,7b74ca8b-73fa-4f3c-99cf-964e53e7979a,00000022965,,,,
spottedpigcafe-legazpi,65b37b834ac979000829bec9,c3f9b3b4-94a3-4071-939a-75d4f8de37f7,00000022966,,,,
spottedpigcafe-legazpi,65b37b834ac979000829bec9,676cdde2-5e76-4488-a3ca-955065fd1d98,00000022968,,,,
spottedpigcafe-legazpi,65b37b834ac979000829bec9,d70f1da9-90f9-4a9e-a731-f2ba57c45234,00000022969,,,,
spottedpigcafe-legazpi,65b37b834ac979000829bec9,592ef042-bd23-403a-be22-c280caf61eda,00000022967,,,,
spottedpigcafe-legazpi,65b37b834ac979000829bec9,5a7351fc-f2a4-4748-8890-80b0b5a278db,00000022964,,,,
spottedpigcafe-legazpi,65b37b834ac979000829bec9,d41dde60-1fc6-4058-923e-8d105e280d3a,00000022971,,,,
brunchbureau,65110364bae3c600074c9aad,fd9aca9c-c068-423b-8220-36e806f2ccc0,00000015665,,,,
halfandhalfcafe,668bb85eb77b40000744e5a0,8d157589-0856-4a64-b805-3cd0c002b125,00000001315,,,,
izakaya,654833de74d1fc0007de4be3,e53a9cf5-d343-4cd1-8568-fc57ed8efc4a,00300007267,,,,
skylinesportsandsocial,6620cad04f3bea0007cb77e9,68de7239-937c-4d6c-a2bb-c1dc96e26927,00000002948,,,,
globalpot,666a68082bbb140007ad20a4,25598707-ea47-4db6-9069-8ef80b6c8dd9,00000001757,,,,
globalpot,666a68082bbb140007ad20a4,4e5c65bb-faa3-4f7f-8018-a891b210d673,00000001786,,,,
globalpot,666a68082bbb140007ad20a4,851e55b7-8432-4ff8-ae13-582b96fd9338,00000001784,,,,
globalpot,666a68082bbb140007ad20a4,317b7d1b-cfa1-42c3-aa45-879d4cd90d8c,00000001785,,,,
globalpot,666a68082bbb140007ad20a4,4a215b32-9b7e-4972-a6a6-fe29ad6eaa38,00000001881,,,,
triboacafeinc,652e1c3742fefc0007a98a63,0fb374d9-03d2-4a1c-b165-04f9efa26ada,00000014656,,,,
triboacafeinc,652e1c3742fefc0007a98a63,41a769cd-a051-40c5-b488-8132623333e6,00000014502,,,,
triboacafeinc,652e1c3742fefc0007a98a63,ee30f88a-6aff-4ec4-8d01-2ea10f934b76,00000014499,,,,
triboacafeinc,652e1c3742fefc0007a98a63,35c4d659-86b8-4f22-a5bf-54d04e85d1ec,00000014508,,,,
triboacafeinc,652e1c3742fefc0007a98a63,4cf23d47-ba7d-483a-9fba-4b3cd2538b2e,00000014511,,,,
triboacafeinc,652e1c3742fefc0007a98a63,80b6b735-6fb6-4a33-9dfb-69bbef1f0296,00000014501,,,,
triboacafeinc,652e1c3742fefc0007a98a63,00fc46ab-b376-4155-be78-dd4b30e47f5f,00000014504,,,,
triboacafeinc,652e1c3742fefc0007a98a63,3737579c-0bc9-4400-af52-674f3a729426,00000014509,,,,
triboacafeinc,652e1c3742fefc0007a98a63,1a2dec00-6fc6-41c7-b5b3-5db52cca5e9e,00000014506,,,,
triboacafeinc,652e1c3742fefc0007a98a63,9ea97da8-aae7-4a6e-9596-d0674d0a7bfe,00000014503,,,,
triboacafeinc,652e1c3742fefc0007a98a63,ea3a83eb-78c0-4f07-a823-28e99b33fe39,00000014510,,,,
triboacafeinc,652e1c3742fefc0007a98a63,d88e7028-054a-4a3f-a3be-9af242f50fd7,00000014507,,,,
triboacafeinc,652e1c3742fefc0007a98a63,55befe8a-d59f-4761-8b1f-13ee3f5dd1df,00000014500,,,,
triboacafeinc,652e1c3742fefc0007a98a63,96749b42-0924-4d52-af85-fb4872453942,00000014505,,,,
triboacafeinc,652e1c3742fefc0007a98a63,12f9f2ef-3ef2-4bca-984e-5232529f23dd,00000014569,,,,
triboacafeinc,652e1c3742fefc0007a98a63,fb3131a0-498e-4daa-8b7b-154d9342dc54,00000014561,,,,
triboacafeinc,652e1c3742fefc0007a98a63,095b8d59-5b39-45f4-be0b-474c83355aab,00000014564,,,,
triboacafeinc,652e1c3742fefc0007a98a63,4d922faa-99ea-4d26-8429-8745f4510ae1,00000014567,,,,
triboacafeinc,652e1c3742fefc0007a98a63,94379cb1-4bab-4ad0-8027-18562ba45d9c,00000014566,,,,
triboacafeinc,652e1c3742fefc0007a98a63,918d5ae8-eaf8-4d9e-a658-f3e91436951f,00000014563,,,,
triboacafeinc,652e1c3742fefc0007a98a63,a3091809-d591-47b2-9b46-26bff96ae474,00000014565,,,,
triboacafeinc,652e1c3742fefc0007a98a63,7d27e545-26d0-49dd-aa56-1bcc4d95f6c6,00000014562,,,,
triboacafeinc,652e1c3742fefc0007a98a63,a20c14d4-0779-4a47-a541-8a632e89ca9e,00000014568,,,,
triboacafeinc,652e1c3742fefc0007a98a63,8619dbef-f889-4568-935d-f619490a6a5a,00000014560,,,,
triboacafeinc,652e1c3742fefc0007a98a63,395c8962-68d4-4323-b852-6d5ce3f5157a,00000014655,,,,
triboacafeinc,652e1c3742fefc0007a98a63,faab4f10-2a1f-402e-b296-c9754ff85212,00000014651,,,,
triboacafeinc,652e1c3742fefc0007a98a63,041db2d8-2671-425f-9117-a100f8304b73,00000014652,,,,
triboacafeinc,652e1c3742fefc0007a98a63,854e3c58-cf1e-4fd3-bf39-fd9342e41668,00000014654,,,,
triboacafeinc,652e1c3742fefc0007a98a63,0d0b6283-a787-4ee1-94b2-eb419bf82d30,00000014653,,,,
triboacafeinc,652e1c3742fefc0007a98a63,eb67c74f-8464-4403-9dee-2228d601e6e6,00000014729,,,,
triboacafeinc,652e1c3742fefc0007a98a63,3608ed89-3714-41b8-bbd8-6a5dbcb1865a,00000014734,,,,
triboacafeinc,652e1c3742fefc0007a98a63,ecfd4d1f-a261-46d8-a4ae-0d086a2833fb,00000014728,,,,
triboacafeinc,652e1c3742fefc0007a98a63,1616d23b-6ff7-446d-991a-38fdadb857ea,00000014733,,,,
triboacafeinc,652e1c3742fefc0007a98a63,74fe2bf3-24c5-4a24-b78b-7e39182b54dc,00000014730,,,,
triboacafeinc,652e1c3742fefc0007a98a63,c5189eea-6663-45f3-aa20-64236e058bf4,00000014731,,,,
triboacafeinc,652e1c3742fefc0007a98a63,919f6dbd-8342-4413-8386-a5b59bfaa374,00000014735,,,,
triboacafeinc,652e1c3742fefc0007a98a63,ee67dfb6-8f17-48ff-aa2f-bbb9ea99c94d,00000014732,,,,
3rdgengloryscafe1948,5e312e43beebe61304d7a56a,9c2a5e1e-9c37-4b11-ac74-60de65858f07,00000025300,,,,
menyakokoro,64e827bf2d7db10007b364d7,9a821764-bca7-4061-95eb-52ee6a2511aa,00000021576,,,,
thevaultroomcebu,64abbf3af78336000725f9a3,a3cec6f3-ac43-4449-8f60-4f06697a7338,00000001730,,,,
thevaultroomcebu,64abbf3af78336000725f9a3,c017f37b-9ddc-443c-a83e-5713e14042f8,00000001731,,,,
rabbitroom,63cf8671f2d46900079efb5a,6fb72424-8f09-48ec-9aaa-e32705572984,00000003310,,,,
cafelesorellecbo,5f1e5bf064dbf00007e2f723,fa17d312-b7b8-40cf-9c96-68e569d08c6b,00000055820,,,,
saldosfarm,64120b0b3b17060006ddc549,18599138-c4d1-488a-b798-97508d1c5ac2,00000003539,,,,
saldosfarm,64120b0b3b17060006ddc549,84fc9b7c-bd63-4b73-881c-3738b7d0959e,00000003538,,,,
melodyrestobar,657facf1dd366e0008286a68,2100ff2a-eebc-47a0-b09a-85bae1986459,00000000804,,,,
acaciasteakhouse,623aa07c84ad0f000702cd26,5a6a4c85-bb78-42c2-bebf-2b4f087b269d,00000011630,,,,
thekitchenpartyinc,63bbbe4200f04b0006943b7c,63b7c867-06ca-46b4-a8b3-bea8f6ade8cd,00000015987,,,,
thekitchenpartyinc,63bbbe4200f04b0006943b7c,f532f83f-c50c-496e-8097-f13ae45cc0f1,00000015984,,,,
thekitchenpartyinc,63bbbe4200f04b0006943b7c,bdfb568d-d353-421a-8223-44be14c0e3d1,00000015985,,,,
thekitchenpartyinc,63bbbe4200f04b0006943b7c,b0313ae8-f491-4e85-8ffc-3a1d3e403e06,00000015986,,,,
thekitchenpartyinc,63bbbe4200f04b0006943b7c,300b2fe8-5b19-4600-a91c-3f13eb3b869f,00000016026,,,,
thekitchenpartyinc,63bbbe4200f04b0006943b7c,b0b8a526-a58a-47ca-81b0-b809b39b99a1,00000016065,,,,
thekitchenpartyinc,63bbbe4200f04b0006943b7c,f69f8eec-a0ae-42ab-b2e6-a3020509fbbe,00000016048,,,,
thekitchenpartyinc,63bbbe4200f04b0006943b7c,3b339312-7762-46a7-b020-68e616dd5918,00000016058,,,,
thekitchenpartyinc,63bbbe4200f04b0006943b7c,bba27f4d-199b-4be3-95d9-4d6d945364c9,00000016057,,,,
thekitchenpartyinc,63bbbe4200f04b0006943b7c,c47c59fc-d60b-424d-8f45-c199562a7e39,00000016092,,,,
cutsnchillbarbershop,65c437ec65992800074f09b7,6f179123-e5e7-41dd-aaac-463d89b5aade,00000003096,,,,
pedrothegrocer-opus,668275b91d48680006e59e84,b3726f97-606f-48a7-b525-20d772df66a4,00000008280,,,,
dapoattisa,64d1ac3fd394840007ff1bdf,940bf775-d9de-4adb-b94c-7a39ba092ab3,00100013994,,,,
dapoattisa,64d1ac3fd394840007ff1bdf,e6865d25-1bed-43b7-b4eb-2ff51ac12223,00100013993,,,,
dapoattisa,64d1ac3fd394840007ff1bdf,7168a690-ae68-4c45-8e1b-ebb1388cdd73,00100014139,,,,
dapoattisa,64d1ac3fd394840007ff1bdf,007ae173-5131-4462-b950-f8b50d50e21e,00100014245,,,,
dapoattisa,64d1ac3fd394840007ff1bdf,19fa4546-82e6-4aa4-a699-a138c24dc377,00100014243,,,,
dapoattisa,64d1ac3fd394840007ff1bdf,e633acce-35d9-44b0-9282-679d086126b6,00100014244,,,,
zhostel,65bb6a506d0aee00070113ba,e7ca7066-72a0-4c2b-98a0-72b9540c63a6,00300006463,,,,
zhostel,65bb6a506d0aee00070113ba,a2f51bbf-ff24-4a78-9ea5-eb06ad00c4a4,00300006513,,,,
zhostel,65bb6a506d0aee00070113ba,5133ee0d-7652-40c1-a68e-064061b04aa8,00300006548,,,,
zhostel,65bb6a506d0aee00070113ba,73a222fc-a9fe-42df-a9ca-860b0f062128,00300006549,,,,
zhostel,65bb6a506d0aee00070113ba,2c8364cf-1d37-4fac-b220-eccfb91f7b22,00300006547,,,,
zhostel,65bb6a506d0aee00070113ba,c5c14cb4-86a8-4485-a179-c48dbf2a207a,00300006588,,,,
pancocafe,66347fb81cff9600074524ed,bd54024a-a1cb-4b6f-8996-9a1256e03960,00500009073,,,,
pancocafe,66347fb81cff9600074524ed,0dc98714-6b5f-4bf4-bfd4-cd1727f202a6,00500009071,,,,
pancocafe,66347fb81cff9600074524ed,808eef44-ce24-4674-8ee6-c509e49fd4a5,00500009070,,,,
pancocafe,66347fb81cff9600074524ed,f241ebe7-1b50-44c5-b36c-0e4f71c0e64c,00500009072,,,,
pancocafe,66347fb81cff9600074524ed,099db651-4b56-4dc0-aee5-e01c15c2c916,00500009069,,,,
pancocafe,66347fb81cff9600074524ed,c21f34f6-01e3-4066-bd70-63a383e83afb,00500009068,,,,
bibio,645dbc7d2ebb5b0008e07fdf,264a6bb2-818c-467e-8840-cd27be1149fe,00000003806,,,,
bibio,645dbc7d2ebb5b0008e07fdf,d7fffcde-cabc-440a-9d66-c802e941088b,00000003805,,,,
wokalley,5e6c724e68f1c10b2e250fd1,bb5dce4b-5254-4ae9-adb0-acbbfd9fa36c,00000061457,,,,
wokalley,5e6c724e68f1c10b2e250fd1,59103d03-8b72-4dba-adfd-0ab5ab5e19d6,00000061464,,,,
wokalley,5e6c724e68f1c10b2e250fd1,ff4b578f-22e0-4f97-acb0-2411067c7f36,00000061465,,,,
buccaneers,5c98929cc146db62ccfeaf2d,917389be-8be6-46e4-832c-107516a3d5be,00000134418,,,,
unleashedveterinarytradingcorp,65fa38679605090007ef7a4f,f7703949-a6e3-4587-aed3-23375fdf8111,00200000762,,,,
buglasisla,65bb4ca743849600075926b7,80cc9e73-ebdf-4a0a-aefe-c3e3cff936ce,00000003064,,,,
buglasisla,65bb4ca743849600075926b7,fcaaf798-135e-43e3-a2c2-1e954c2d7b2c,00000003063,,,,
buglasisla,65bb4ca743849600075926b7,89483067-6956-4f9d-8fed-e56d742a70f0,00000003094,,,,
buglasisla,65bb4ca743849600075926b7,d403b578-ad39-4933-9171-e1fc9adc29d7,00000003161,,,,
bokkoreanfriedchicken,64a29c0e45f8480007c5b0ce,bd033d92-6b5c-4baa-8bba-cf9dd754fce2,02100042973,,,,
bokkoreanfriedchicken,64a29c0e45f8480007c5b0ce,b7b8e29f-c3ba-42e0-92be-c34ddae276ad,02100042972,,,,
sunkissedcafe,63b53618fa5ce600074ef517,a68d9ef4-ddd8-432b-b10b-3f50b7e6b606,00000036553,,,,
sunkissedcafe,63b53618fa5ce600074ef517,d1444b56-7c25-403d-b415-12ca716bffc9,00000036552,,,,
sunkissedcafe,63b53618fa5ce600074ef517,c984b626-bd17-4026-a076-93359c414bf3,00000036554,,,,
sunkissedcafe,63b53618fa5ce600074ef517,117ece00-b8da-47fb-9f75-54be0530795b,00000036551,,,,
brittanyhotel,64f6e9527bd2fa00079307b1,bdcb6517-8942-440f-a3a3-04be714d832a,00500005861,,,,
brittanyhotel,64f6e9527bd2fa00079307b1,24c96b04-ce7d-49f7-8935-fe7ef59bf1cb,00500005899,,,,
brittanyhotel,64f6e9527bd2fa00079307b1,5eb264f2-c19f-4860-a54d-18cdf6c17495,00500005901,,,,
brittanyhotel,64f6e9527bd2fa00079307b1,ddae17fb-8db2-4b52-9fca-eeedef28b0c4,00500005904,,,,
brittanyhotel,64f6e9527bd2fa00079307b1,33980430-bb3d-4abf-8697-a7072e03109a,00500005898,,,,
brittanyhotel,64f6e9527bd2fa00079307b1,24edab75-007c-46fa-b82a-d66c1ca95a53,00500005900,,,,
brittanyhotel,64f6e9527bd2fa00079307b1,d7a92770-817f-456f-9687-6bfa3f6fd03a,00500005906,,,,
brittanyhotel,64f6e9527bd2fa00079307b1,054bc8aa-15c4-465a-9396-75b2c1710478,00500005902,,,,
brittanyhotel,64f6e9527bd2fa00079307b1,a540a2cc-cba1-4ccf-b0d2-599b1f249f88,00500005912,,,,
brittanyhotel,64f6e9527bd2fa00079307b1,355282fd-e743-4a64-a148-5afc9e6d3265,00500005905,,,,
alqaysarestaurant,660f631c8397df0007af1b10,48feaa0b-2ac6-4cc5-bec9-574f01844ed0,00100008121,,,,
alqaysarestaurant,660f631c8397df0007af1b10,1cd8834c-b539-4caf-a860-51b2e3d1a01e,00100008122,,,,
alqaysarestaurant,660f631c8397df0007af1b10,f3f11a29-27a8-4511-8551-224742d9ab30,00100008120,,,,
alqaysarestaurant,660f631c8397df0007af1b10,2bbf83e9-1a59-4704-ad5c-ff4bf5ea3be8,00100008277,,,,
alqaysarestaurant,660f631c8397df0007af1b10,f22832a6-2cb1-469f-84e4-c913e6e4bc56,00100008470,,,,
alqaysarestaurant,660f631c8397df0007af1b10,76299e58-2f58-44ce-9696-3a6863781d51,00100008471,,,,
mmfssi,65e9264651d6ea00074d4c95,b0429987-1f8a-4f70-9bcd-59b9274d08cf,00300008992,,,,
mmfssi,65e9264651d6ea00074d4c95,23086229-adc3-4e60-b374-675e05057991,00300008991,,,,
mmfssi,65e9264651d6ea00074d4c95,1eb941b5-7101-462c-8ab1-3acccef7734b,00300008995,,,,
mmfssi,65e9264651d6ea00074d4c95,8d719d00-9e59-4336-8d51-d1f426497088,00300008996,,,,
mmfssi,65e9264651d6ea00074d4c95,c9b8eb08-9db7-4d50-b5b7-09b7572e166a,00300008994,,,,
mmfssi,65e9264651d6ea00074d4c95,cae84624-50c0-42bd-815b-43aaac4aa837,00300008993,,,,
mmfssi,65e9264651d6ea00074d4c95,45a6a8ba-209f-4ab1-9cd5-6c9c371cdbc2,00300009269,,,,
theweekend,6141c3aebead9d0006603c03,b0881eea-cfd8-42cc-99bd-6be9977dac14,00100011871,,,,
theweekend,6141c3aebead9d0006603c03,7c988270-fbaf-4f9c-b038-9bef0f2ea19d,00100011835,,,,
theweekend,6141c3aebead9d0006603c03,41bd46aa-f573-4989-82a6-91d62a7287bf,00100011829,,,,
theweekend,6141c3aebead9d0006603c03,eaa70b5c-8b46-4456-a918-167b4c35e989,00100011849,,,,
theweekend,6141c3aebead9d0006603c03,ab272edf-de94-4a9f-a11f-acde29a3c142,00100011842,,,,
theweekend,6141c3aebead9d0006603c03,dd3759bb-8215-480b-beae-bcd6acc957a3,00100011841,,,,
theweekend,6141c3aebead9d0006603c03,278f23e2-b28f-42ef-b025-72f5d02af3c5,00100011843,,,,
theweekend,6141c3aebead9d0006603c03,483c0300-2358-47bf-b73e-ea660c0576f1,00100011840,,,,
theweekend,6141c3aebead9d0006603c03,6c5058d9-0564-4f63-889c-8d9491e6040d,00100011892,,,,
theweekend,6141c3aebead9d0006603c03,60900f30-9509-41d3-b76e-77f6406942a3,00100011893,,,,
trademarkcebu,622ee2b4d73a9300086c91d5,170ba26f-c394-4b08-bf34-5de9d902e037,00100040672,,,,
trademarkcebu,622ee2b4d73a9300086c91d5,f22c3c9a-c879-4359-8072-9ad44f341844,00100040671,,,,
trademarkcebu,622ee2b4d73a9300086c91d5,91b364db-0165-4422-b9d2-02ef1c39d986,00100040673,,,,
trademarkcebu,622ee2b4d73a9300086c91d5,a8a79260-7e08-4cc9-b79e-88bb9fbc8acc,00100040761,,,,
trademarkcebu,622ee2b4d73a9300086c91d5,6c79ef73-4c9d-4daf-a7dc-d0a3b2fb31ab,00100040760,,,,
trademarkcebu,622ee2b4d73a9300086c91d5,d4a208fd-369f-435f-963a-e32795fe7503,00100040759,,,,
tastyhabitfoodinc,638fcf11044bbf0007a343e1,a4ba79be-453b-4102-98ac-364fe8749afa,00200004297,,,,
fbebrewingpointinc,65e97e76f331980007c9987c,7c55f109-6990-47c3-852b-7341282e9991,00300011917,,,,
eraya,66fb950cbed9ca00074c5d06,32e7a9f4-4ca7-4f4e-90d1-9b4065b0ebb0,00000000015,,,,
eraya,66fb950cbed9ca00074c5d06,978fddb7-066c-49cc-bd01-1f79846ad92c,00000000014,,,,
eraya,66fb950cbed9ca00074c5d06,0a6d9c46-b0d3-4652-a577-747ad751031c,00000000013,,,,
eraya,66fb950cbed9ca00074c5d06,a450fe04-6711-4448-9322-6c9346725bf8,00000000027,,,,
eraya,66fb950cbed9ca00074c5d06,60f41671-6e43-426c-a934-a6f6103321c1,00000000028,,,,
eraya,66fb950cbed9ca00074c5d06,9c67f656-34fd-4b3f-b2b6-3d7b6d9fd4da,00000000026,,,,
eraya,66fb950cbed9ca00074c5d06,4f35fa49-a9f2-4f02-bc68-77483c7dacbe,00000000025,,,,
eraya,66fb950cbed9ca00074c5d06,b2e7ca59-df5d-4d5b-ad8c-d564997d7fcb,00000000041,,,,
eraya,66fb950cbed9ca00074c5d06,3cd4b70a-3ebf-4682-81da-84fd86040d26,00000000040,,,,
eraya,66fb950cbed9ca00074c5d06,f1b0a1bc-27be-4c72-a46c-013c95c3e452,00000000042,,,,
eraya,66fb950cbed9ca00074c5d06,8f1f8d14-dbd7-4464-b887-6c67b691b8d8,00000000070,,,,
eraya,66fb950cbed9ca00074c5d06,9ab7e37d-181c-462e-a50f-ffe3d2b20215,00000000071,,,,
eraya,66fb950cbed9ca00074c5d06,44416fb7-b73c-4617-bce1-188617ad2b01,00000000072,,,,
eraya,66fb950cbed9ca00074c5d06,23058f5b-fb5d-494c-9eb2-66e2edb0c25e,00000000094,,,,
eraya,66fb950cbed9ca00074c5d06,b637d848-c46c-47ab-ac8e-7d68e47d2b19,00000000093,,,,
eraya,66fb950cbed9ca00074c5d06,7a7ffdcc-c92a-497c-a449-00608822255c,00000000091,,,,
eraya,66fb950cbed9ca00074c5d06,92b8a682-5f95-4b53-9f9a-1507aa3098f6,00000000092,,,,
eraya,66fb950cbed9ca00074c5d06,45934557-8286-458a-ba74-2cd5d4a8ff74,00000000090,,,,
doonthaiandasianfusioncuisineinc,6544afed2b2d2c0007cff734,cda4446d-d48c-475c-b76e-7dd2be8f0849,00000005608,,,,
doonthaiandasianfusioncuisineinc,6544afed2b2d2c0007cff734,5bbb8020-8d14-454e-94c7-087d2b3bb1f0,00000005607,,,,
doonthaiandasianfusioncuisineinc,6544afed2b2d2c0007cff734,7a504cbc-ab09-4eff-98e8-4f2a191aaa6d,00000005636,,,,
doonthaiandasianfusioncuisineinc,6544afed2b2d2c0007cff734,fb9b81b1-9276-4370-aa5c-2609e61f346c,00000005638,,,,
doonthaiandasianfusioncuisineinc,6544afed2b2d2c0007cff734,f73ddd32-6013-43ab-bad5-d41a62ba0746,00000005639,,,,
doonthaiandasianfusioncuisineinc,6544afed2b2d2c0007cff734,90522a79-85a0-4ffe-8018-6702e36028af,00000005637,,,,
doonthaiandasianfusioncuisineinc,6544afed2b2d2c0007cff734,c1eb5d0a-6e49-460a-b558-f9a1f90408ff,00000005666,,,,
doonthaiandasianfusioncuisineinc,6544afed2b2d2c0007cff734,7ccefee0-9255-45fc-81df-3a9fab6c3bbf,00000005662,,,,
doonthaiandasianfusioncuisineinc,6544afed2b2d2c0007cff734,732a0e15-5a50-4f62-8358-c570c3aebc24,00000005663,,,,
doonthaiandasianfusioncuisineinc,6544afed2b2d2c0007cff734,1138c423-036f-4ce0-af6a-23c50aaacd20,00000005664,,,,
doonthaiandasianfusioncuisineinc,6544afed2b2d2c0007cff734,b5014e54-f6b2-4afa-920b-2ab3745152b9,00000005665,,,,
doonthaiandasianfusioncuisineinc,6544afed2b2d2c0007cff734,bea241a0-18cc-482d-ac62-e94e4111127c,00000005667,,,,
doonthaiandasianfusioncuisineinc,6544afed2b2d2c0007cff734,f1831a88-fd19-4608-a8f6-e912aa454d9e,00000005668,,,,
doonthaiandasianfusioncuisineinc,6544afed2b2d2c0007cff734,5145cc45-7350-406b-a925-7f4084286075,00000005700,,,,
opcfactoryoutletcaloocan,655c1eb81b5cf50007e92252,7f2f74e0-5776-48f0-98e9-22b801e40db5,00500004908,,,,
siargaocornercafe,65a6291ed59d4300076ecb1c,bae9898c-89b9-45e1-b92c-e9faf6c14a32,00000022260,,,,
siargaocornercafe,65a6291ed59d4300076ecb1c,1888ca4c-aabe-4a63-8f9e-2b769d94a66c,00000022261,,,,
siargaocornercafe,65a6291ed59d4300076ecb1c,8af557b3-2edb-4d49-b228-8a821ed2f898,00000022262,,,,
siargaocornercafe,65a6291ed59d4300076ecb1c,51c14952-3f19-4861-8461-f8a5bc12865f,00000022259,,,,
siargaocornercafe,65a6291ed59d4300076ecb1c,feb495e1-f75d-458d-985d-1d04af5e2f9f,00000022662,,,,
jiahkitchen,663c381a1333bf0007af7545,22c505f2-f853-46cd-8b3c-3dc0e6130c3d,00000000097,,,,
jiahkitchen,663c381a1333bf0007af7545,f60f497b-7c69-4470-8635-b399ba14f48c,00000000204,,,,
jiahkitchen,663c381a1333bf0007af7545,0c9c483b-e289-4ec7-8c93-9ab276547826,00000000509,,,,
jiahkitchen,663c381a1333bf0007af7545,db6ef349-61b1-49b2-b0d5-fb10d671c3ed,00000000506,,,,
jiahkitchen,663c381a1333bf0007af7545,48e5f9e4-ad36-49f5-af41-7db112caf968,00000000505,,,,
jiahkitchen,663c381a1333bf0007af7545,2e5072d7-be09-4f23-8267-8613d228594b,00000000507,,,,
jiahkitchen,663c381a1333bf0007af7545,367a3785-fca2-4161-adbf-ba022256cb93,00000000510,,,,
jiahkitchen,663c381a1333bf0007af7545,0f40ec3a-de70-47e2-81e2-4047a37296ad,00000000508,,,,
jiahkitchen,663c381a1333bf0007af7545,93a0a59c-c26e-4fe4-979a-d1d247bc18f1,00000000576,,,,
tambayenterprises,66431818bf50020007ee3c43,0d2fa2fa-64d6-445a-85a5-6fa7d08e71a2,00000000708,,,,
tambayenterprises,66431818bf50020007ee3c43,6e493ca0-7397-4d63-8243-c7a3527a7f30,00000000709,,,,
tambayenterprises,66431818bf50020007ee3c43,4176a2df-c8ec-4bf8-90b7-e322284e5809,00000000793,,,,
tambayenterprises,66431818bf50020007ee3c43,a6ece4b2-110e-479f-a4b6-2f4a131b010d,00000000792,,,,
oldtimesph,66445ef6939e3000078e3698,9a024716-808d-4178-b683-60400638f883,00000000634,,,,
oldtimesph,66445ef6939e3000078e3698,eaae9288-4bf5-4536-8f18-8a409737be6c,00000000633,,,,
bolero,64e6cd784051a7000704b30b,c4c2f3c3-6bdc-486f-a6e5-c7337719a428,00000016093,,,,
bolero,64e6cd784051a7000704b30b,0287461a-060f-4065-ac96-c98f0d392f38,00000016138,,,,
bolero,64e6cd784051a7000704b30b,c5e7ea64-0dde-41f6-873a-55447a172969,00000016234,,,,
brunchbureau,66b1ca6964975c000682cf07,cca75581-b892-4d3e-8eea-e2becedc6719,00200003143,,,,
brunchbureau,66b1ca6964975c000682cf07,5e9497da-612e-49c5-bf2c-02a266208d17,00200003144,,,,
laguadabirriabf,64f6d9c28189df00074973ac,d5ad887d-788f-44ac-b79c-c4fc0f4602d9,00000014346,,,,
aburiexpress,5d3164364a9c185a22610003,b29b5134-422c-4905-8551-a25098589a74,00000072024,,,,
aburiexpress,5d3164364a9c185a22610003,b48f3f8d-0473-4e70-b319-37692f1a2c0f,00000072023,,,,
pacificpoint,64264739dcfbbb00076b887a,3ae3dd01-610d-4356-b9e6-b34f9dc03fea,00100001450,,,,
pacificpoint,64264739dcfbbb00076b887a,7576393a-ffa5-4f8c-a584-2fac0c6adf28,00100001449,,,,
pacificpoint,64264739dcfbbb00076b887a,51f3f575-3b37-4fde-a832-afe465a7b720,00100001448,,,,
pacificpoint,64264739dcfbbb00076b887a,d2d25c88-9ce8-4fc2-bed7-77aa08072a40,00100001454,,,,
mandalarestaurant,63a3f5552f9de20007923f12,c86fffe2-cd2c-41b7-9d7f-ac2b63e0d182,00000013001,,,,
landosbfresort,6461e9082087160009cf5fa3,05ed0032-b795-4b29-8082-6a149a362cdb,00000007534,,,,
landosbfresort,6461e9082087160009cf5fa3,92f6387a-3f95-4a0f-96fa-67d6fc2f5754,00000007532,,,,
landosbfresort,6461e9082087160009cf5fa3,08976e61-f8ef-4064-9751-65f30d249172,00000007533,,,,
brittanyhotel,64d24b3606fdf9000723401a,6a76fc14-210d-4a95-af3a-39d9458e1a41,00300002481,,,,
tightropeonepaseo,640ecd4fba39d20008ad17b8,753b44b0-c950-4a62-af14-b5683628d426,00000089569,,,,
tightropeonepaseo,640ecd4fba39d20008ad17b8,9a16dd69-6e16-4974-9154-e8c2016691cb,00000089737,,,,
lydiaslechonquezoncityinc,64ed4ea120dd1900066ac318,2001d33a-9f92-42c9-a164-5ede2cb587db,00100005892,2240922520,,,
lydiaslechonquezoncityinc,64ed4ea120dd1900066ac318,338f7694-9744-46b3-a848-4e8f9b9cc583,00100005905,2240923522,,,
lydiaslechonquezoncityinc,64ed4ea120dd1900066ac318,273df84e-d694-42ec-b1d4-a4906d3fbc5f,00100005891,2240925527,,,
lydiaslechonquezoncityinc,64ed4ea120dd1900066ac318,05042342-1850-4bf2-931a-45a1b237d7b5,00100005869,2240926529,,,
lydiaslechonquezoncityinc,64ed4ea120dd1900066ac318,b382f694-6e4f-4dc9-a751-246e24f6ae9f,00100005902,2240926530,,,
lydiaslechonquezoncityinc,64ed4ea120dd1900066ac318,088fa080-142a-47e5-885a-ea55168a5f01,00100005904,2240926531,,,
lydiaslechonquezoncityinc,64ed4ea120dd1900066ac318,b2a00488-f291-45ae-887c-b38d132546aa,00100005903,2240926532,,,
lydiaslechonquezoncityinc,64ed4ea120dd1900066ac318,0299270d-0fff-4d6b-a55f-3257d029c3f2,00100005889,2240927533,,,
lydiaslechonquezoncityinc,64ed4ea120dd1900066ac318,c24df3f6-7804-4ace-be87-9467cfc4e1b9,00100005888,2240927534,,,
lydiaslechonquezoncityinc,64ed4ea120dd1900066ac318,f349b60a-9fb6-460f-8129-3846535c42c4,00100005901,2240927535,,,
lydiaslechonquezoncityinc,64ed4ea120dd1900066ac318,f4e91b9b-7384-4759-a441-7ff3dc4cd10f,00100005885,2240927536,,,
lydiaslechonquezoncityinc,64ed4ea120dd1900066ac318,7f71a8cc-4946-409c-947a-5ebaba337b41,00100005887,2240927537,,,
lydiaslechonquezoncityinc,64ed4ea120dd1900066ac318,9eefc33a-5ec7-4046-b8be-56a705de7935,00100005886,2240927538,,,
lydiaslechonquezoncityinc,64ed4ea120dd1900066ac318,aa3c49e1-814a-4e03-afd4-f3ef53af6b62,00100005890,2240927539,,,
lydiaslechonquezoncityinc,64ed4ea120dd1900066ac318,3c20bbaf-51fe-4a8f-9307-755ab60209b4,00100005900,2240928542,,,
tightropeonepaseo,65a7704f9df7240007e3c220,c4c93e89-1d4f-4a52-bc94-1d64aa27fd95,00100002168,,,,
beachhousebarandgrill,6464adf103dc5f0007b24cbd,27d0be39-2598-42df-93c3-39a764a55d85,00000005160,,,,
beachhousebarandgrill,6464adf103dc5f0007b24cbd,e6cd2f8d-4506-43b6-b957-5c9f617459ab,00000005159,,,,
beachhousebarandgrill,6464adf103dc5f0007b24cbd,7637722b-6616-4ff9-b1ae-e9202c1613f2,00000005161,,,,
beachhousebarandgrill,6464adf103dc5f0007b24cbd,0da8e257-a008-42e1-a7df-1d641fe9bd98,00000005182,,,,
beachhousebarandgrill,6464adf103dc5f0007b24cbd,797c85a9-d869-4888-85b4-2568a2d5d49e,00000005181,,,,
beachhousebarandgrill,6464adf103dc5f0007b24cbd,64c73cfd-0132-4634-8cab-da68fa775e4a,00000005183,,,,
beachhousebarandgrill,6464adf103dc5f0007b24cbd,49f738ed-4cf1-4acc-89ae-56ed97490257,00000005197,,,,
beachhousebarandgrill,6464adf103dc5f0007b24cbd,acd895aa-12cc-400a-bde8-724d8b0747a5,00000005195,,,,
beachhousebarandgrill,6464adf103dc5f0007b24cbd,66197458-ca35-42c6-ae11-654760967e63,00000005196,,,,
calalaiya,653a09ddf1fb72000780c022,cabca453-c335-4d59-8c6b-ebe77fc38108,00000010316,,,,
calalaiya,653a09ddf1fb72000780c022,1f73fdb4-88fe-4f31-8af5-2a6c243b14b6,00000010317,,,,
calalaiya,653a09ddf1fb72000780c022,4a1174fb-b123-4046-9334-4f9288173084,00000010520,,,,
sagecafe,659bc444385ad70007ea5da6,b5b15be3-d9ff-44f6-910c-c1cb55736132,00000005646,,,,
sagecafe,659bc444385ad70007ea5da6,1caebeda-77b6-4f9a-8f1b-87930228729f,00000005665,,,,
sagecafe,659bc444385ad70007ea5da6,bc9c7755-62f5-4be4-ba62-c0fe2703e29c,00000005685,,,,
sagecafe,659bc444385ad70007ea5da6,bd54edd0-86dd-460a-af26-ad6e7fd02e66,00000005686,,,,
sagecafe,659bc444385ad70007ea5da6,281564ab-cca2-48ca-b3d2-3602480284ba,00000005682,,,,
sagecafe,659bc444385ad70007ea5da6,d57b4054-167d-4544-a5dd-87126103f9cc,00000005684,,,,
sagecafe,659bc444385ad70007ea5da6,d3c009e2-aa4c-4a13-8a75-3cdd2918e6ce,00000005683,,,,
sagecafe,659bc444385ad70007ea5da6,9f2c86c2-c8f3-4c0b-b9ce-7d074d1827f2,00000005752,,,,
sagecafe,659bc444385ad70007ea5da6,58a63897-ec82-4fd6-ad1f-25e854a06bf2,00000005786,,,,
sagecafe,659bc444385ad70007ea5da6,a5eb3e57-cbf4-4da6-8c86-b5c69e498745,00000005784,,,,
sagecafe,659bc444385ad70007ea5da6,10502c64-86f6-429b-a057-16bb67b1c4d2,00000005785,,,,
sagecafe,659bc444385ad70007ea5da6,30406056-92c6-4182-b8ef-b5969daee262,00000005789,,,,
sagecafe,659bc444385ad70007ea5da6,1c14a111-018f-4f47-a29a-f2e547e1974b,00000005787,,,,
sagecafe,659bc444385ad70007ea5da6,0710e825-b094-4356-b300-56192129f90f,00000005788,,,,
brittanyhotelvillarcity,65f95d1b4a038100080233ed,08de06af-dd0f-4ae2-b341-06dd438d50ee,00800002218,,,,
caferoomnl,64faec350fe53b0006d89562,026394dc-2d37-4191-9876-ac4b577fd235,00000021293,,,,
caferoomnl,64faec350fe53b0006d89562,73a9d8ee-3279-4f08-8def-b57a7ec5128b,00000021288,,,,
caferoomnl,64faec350fe53b0006d89562,9b163d3d-4f85-4f7c-97ed-7b41d1d0d612,00000021292,,,,
caferoomnl,64faec350fe53b0006d89562,8171a6a5-92ac-451d-937e-1ef8ec4ccf55,00000021289,,,,
caferoomnl,64faec350fe53b0006d89562,647d82bd-b8de-4eb8-a70c-a5f096db3daf,00000021291,,,,
caferoomnl,64faec350fe53b0006d89562,a46f2d98-1435-45df-b9e1-b7a8dc8219ad,00000021290,,,,
caferoomnl,64faec350fe53b0006d89562,4bf1db09-ce25-42bd-87cc-3c18888d7928,00000021461,,,,
caferoomnl,64faec350fe53b0006d89562,5162c80c-ce23-41fb-8265-16e34b475edb,00000021462,,,,
caferoomnl,64faec350fe53b0006d89562,d8813f26-0086-4d67-b04d-ae6c34891203,00000021460,,,,
edzrestaurant,653a32a44d84a700072cc797,e20a717b-275b-444e-9a50-762c4c830fbf,00000017001,,,,
edzrestaurant,653a32a44d84a700072cc797,e62b0d74-171c-42b1-856f-9789df08c4cf,00000017082,,,,
bosongcoffee,668c9764812bcf0007127d3b,cffa62f1-96d6-45e0-bbf4-d2e009c76ec4,00000000103,,,,
bosongcoffee,668c9764812bcf0007127d3b,1069a8b4-5d44-4ca5-b3ce-58a51fd8c4c2,00000000102,,,,
bosongcoffee,668c9764812bcf0007127d3b,2148faa7-69f1-43a5-8447-b235e6a4435d,00000000101,,,,
bosongcoffee,668c9764812bcf0007127d3b,d704d701-5449-4bdb-ae99-a7dcf8e38bde,00000000151,,,,
bosongcoffee,668c9764812bcf0007127d3b,6bb80a98-d87c-478e-8586-e6c92f28e5ab,00000000170,,,,
bosongcoffee,668c9764812bcf0007127d3b,2ab08ac1-d886-4a9e-8d83-98b36351d85e,00000000172,,,,
bosongcoffee,668c9764812bcf0007127d3b,cf503af4-5a07-4599-9bef-05e1cf3da32e,00000000173,,,,
bosongcoffee,668c9764812bcf0007127d3b,8d31153f-5829-4610-9868-d4cbd70aca60,00000000174,,,,
bosongcoffee,668c9764812bcf0007127d3b,867f5dbc-fcbc-4bb8-a561-a4d5ef30fdaf,00000000175,,,,
bosongcoffee,668c9764812bcf0007127d3b,c43ce920-7052-426e-92e0-b2e382525722,00000000171,,,,
bosongcoffee,668c9764812bcf0007127d3b,aa1d4b06-4d26-43d8-863c-87cdc0334cc3,00000000169,,,,
211coffeeandtea,6540d195b6c7f500088568ae,316365a7-be2a-4c21-a888-c408828c9f17,00000005545,,,,
lydiaslechonquezoncityinc,665eece434ac6a0006020231,0aad69a1-8b8a-4795-989f-91d1e47e3c82,00800008838,9240927116,,,
lydiaslechonquezoncityinc,665eece434ac6a0006020231,55f98efc-e86e-4bca-8d6f-bf1da3d9d279,00800008895,9240928117,,,
lydiaslechonquezoncityinc,665eece434ac6a0006020231,f6ad3bc7-3855-429b-b078-0d987b7b3f57,00800008944,9240928118,,,
lydiaslechonquezoncityinc,665eece434ac6a0006020231,9e47b519-1d26-4e18-ad8a-e4c8e636db87,00800008959,9240929119,,,
cafebasilico,65b85beb0661ad000771586c,83fa08cb-4a7f-4503-afeb-aa0eb8c0ab6b,00000003194,,,,
oliviasfusion,63984e51bdbacd000896229f,aef8ab95-6831-442a-96d1-5866dc8b3b96,00000001394,,,,
oliviasfusion,63984e51bdbacd000896229f,dae36b7e-5931-44a4-9fcf-66131f824be2,00000001395,,,,
oliviasfusion,63984e51bdbacd000896229f,14787cd3-7303-48a3-b828-92968401102d,00000001393,,,,
oliviasfusion,63984e51bdbacd000896229f,2c27c795-0131-4f03-a4d3-b873dc963d71,00000001396,,,,
hitchparksolutionsinc,62f9997b64ca740008f12ad1,69a220c6-360b-427e-b65c-f427add171ad,00000201592,,,,
hitchparksolutionsinc,62f9997b64ca740008f12ad1,ef3e4fa8-d27f-487a-afc1-8688276154c5,00000201587,,,,
hitchparksolutionsinc,62f9997b64ca740008f12ad1,a94d9ecd-c9ca-45ba-ad78-e6bf2aeda096,00000201801,,,,
hitchparksolutionsinc,62f9997b64ca740008f12ad1,94790393-a7aa-44ef-812b-0167bdcc026f,00000201795,,,,
hitchparksolutionsinc,62f9997b64ca740008f12ad1,e356b78d-f216-4a42-be48-d04648d1c8f9,00000201703,,,,
hitchparksolutionsinc,62f9997b64ca740008f12ad1,610716f4-8d40-4a3b-9542-255e2ebe6520,00000201601,,,,
hitchparksolutionsinc,62f9997b64ca740008f12ad1,d0e12c78-a069-4a14-8fea-e298584a085f,00000201800,,,,
hitchparksolutionsinc,62f9997b64ca740008f12ad1,e79426fe-0254-41a6-a15b-261e42b6b06b,00000201589,,,,
hitchparksolutionsinc,62f9997b64ca740008f12ad1,950d0ade-9474-488d-ab39-76cf3733a379,00000201808,,,,
hitchparksolutionsinc,62f9997b64ca740008f12ad1,b7a98a0e-397a-4c31-911e-4fa0723c59ae,00000201809,,,,
hitchparksolutionsinc,62f9997b64ca740008f12ad1,6bac3389-ec71-4a3b-9d97-4f7ad2f29fc9,00000201812,,,,
hitchparksolutionsinc,62f9997b64ca740008f12ad1,6428c755-4564-4884-bf30-50a6914a1c60,00000201806,,,,
alcbistro,63db10fd0b9af800089985ad,bccc857c-ad3c-4f3a-9095-0d3c4f9287a4,00000005713,,,,
alcbistro,63db10fd0b9af800089985ad,3a6edc2c-d048-4056-a90d-e0113f692926,00000005712,,,,
alcbistro,63db10fd0b9af800089985ad,45bb0c4a-c358-4e0b-b336-e7d940939c9d,00000005748,,,,
alcbistro,63db10fd0b9af800089985ad,932dbcf8-116d-4da4-8d3a-29218c33282a,00000005747,,,,
alcbistro,63db10fd0b9af800089985ad,bb5845ae-ab27-4f18-ad35-fe2605b0a15e,00000005749,,,,
orientaldeli,658591fe02dbd0000768f0b2,ae5cd687-6796-407d-822d-16f50975fab0,00600012512,,,,
orientaldeli,658591fe02dbd0000768f0b2,b39c5a0c-0e9f-4f41-bea7-634aab979b9c,00600012580,,,,
novatownchinesecuisine,64e8b0b14675fa00071ed89d,e5044d34-2f8c-46eb-9b01-65b54feaba96,00000007013,,,,
verde,66cfe71117bb860007056d88,03439589-24a4-4a2a-80c9-c4b8b3a3e450,00000000208,,,,
bellaciaonaga,6620866cc87609000781e0f5,c6ca8f1e-d365-44a4-b1a1-cba27fa75dd6,00000002984,,,,
bellaciaonaga,6620866cc87609000781e0f5,0c31f17e-d4d7-441b-b2b4-ffdb67b1da00,00000002982,,,,
bellaciaonaga,6620866cc87609000781e0f5,8b161723-f358-430d-864e-22c69d1208ac,00000002981,,,,
bellaciaonaga,6620866cc87609000781e0f5,f671d86c-ba6d-4b74-93a0-0eb9e5d08181,00000002983,,,,
brittanyhotel,645efba68f0de2000804814c,af97d295-60f3-4443-8a65-bfb1352cf0b9,00200006449,,,,
baskcoffeehouse,660bcf4441c60e000719dc6b,c9d02934-27ab-4c8a-8b17-9f1757885c7e,00000001005,,,,
baskcoffeehouse,660bcf4441c60e000719dc6b,c66a1509-a8b4-4c0c-a961-d0e17fc1e850,00000001042,,,,
tastyhabitfoodinc,632abfe550ee4f000733c532,99bbc869-e116-4bca-90d3-a9a497b6dd10,00100017994,,,,
opcfactoryoutletcaloocan,64b4ddc18c8b4900072bbe13,f4ecf5f4-14b4-4fc7-8d27-5e65c8ce8959,00000011316,,,,
one80restaurant2024,659fb1c2533eca0007659de6,dcb1e840-9585-47a4-985b-155080035bda,00100001588,,,,
one80restaurant2024,659fb1c2533eca0007659de6,7b913c91-4a29-4769-9388-76331689ba4b,00100001620,,,,
one80restaurant2024,659fb1c2533eca0007659de6,9a3c3ef1-ea18-416c-a863-29b7a4462613,00100001642,,,,
one80restaurant2024,659fb1c2533eca0007659de6,7a61b87c-eb61-45dc-9d3e-3c4afddeb351,00100001660,,,,
one80restaurant2024,659fb1c2533eca0007659de6,0602c41f-9967-419b-8f95-b94d0aeff278,00100001659,,,,
one80restaurant2024,659fb1c2533eca0007659de6,9ba1f964-c909-4b63-96a8-c180acf7d563,00100001661,,,,
bokkoreanfriedchicken,62cbf82c983fe600071a6fac,da83921b-4667-49f3-a5ae-0e4589ece897,01100081622,,,,
bokkoreanfriedchicken,62cbf82c983fe600071a6fac,895595b8-2be3-499d-90ae-612b3588555a,01100081621,,,,
charcoal,6141768ab57be60006993fdd,9988e1ef-2e21-4238-b2c5-132124781af8,00800027307,,,,
charcoal,6141768ab57be60006993fdd,5a53b2ec-c234-4a92-9477-d0388d94d9c8,00800027306,,,,
charcoal,6141768ab57be60006993fdd,adbbbf6f-b1ce-4c8b-b5d9-353fded3dbb3,00800027305,,,,
charcoal,6141768ab57be60006993fdd,b62bfa1d-cae9-47ec-a357-4ef545bb029a,00800027310,,,,
charcoal,6141768ab57be60006993fdd,841e64b6-90f9-441a-baf0-d2a22e0e4b24,00800027311,,,,
charcoal,6141768ab57be60006993fdd,9a1a8900-5513-414f-9a6d-90ca573ecb0b,00800027313,,,,
charcoal,6141768ab57be60006993fdd,6e65616e-aefe-4fd8-a35c-78644018259d,00800027392,,,,
charcoal,6141768ab57be60006993fdd,69d9bb33-9b9d-4694-8d12-a20a53b866f3,00800027391,,,,
charcoal,6141768ab57be60006993fdd,880eee7c-2ba2-4be9-81ac-938f939279d3,00800027435,,,,
charcoal,6141768ab57be60006993fdd,449a9ba1-f2ec-497c-a874-a02145d05e04,00800027434,,,,
charcoal,6141768ab57be60006993fdd,afe36582-3f4b-4721-bae2-4180396aaf27,00800027436,,,,
charcoal,6141768ab57be60006993fdd,591f0ebd-116e-4974-81cb-6688470ff4ff,00800027437,,,,
charcoal,6141768ab57be60006993fdd,5800d909-e84c-4b13-b6f8-303d88ff9460,00800027460,,,,
charcoal,6141768ab57be60006993fdd,3cba352d-090f-424f-9c2b-86969580468c,00800027485,,,,
charcoal,6141768ab57be60006993fdd,5bbf4931-7ddc-43f4-98fd-b41be13d88e8,00800027484,,,,
charcoal,6141768ab57be60006993fdd,46772781-ab82-40b8-bc39-2ba80fb2e159,00800027483,,,,
charcoal,6141768ab57be60006993fdd,7a3cadc2-e94b-4da1-938e-bd14b32b6d68,00800027486,,,,
cafeherecorner,65f8ed9b70e9ac0007acb617,64c75f22-3e1e-4f99-a2f7-3026aea19f17,00100000793,,,,
cafeherecorner,65f8ed9b70e9ac0007acb617,29f76237-7bd3-48c9-b767-edfdb103e3da,00100000798,,,,
cafeherecorner,65f8ed9b70e9ac0007acb617,c1bd0208-99eb-4ec6-8f58-b12d2914ee8c,00100000819,,,,
hibachijapanesecuisine,6696344a9960040007850c8b,a7bde436-cb66-4521-ac67-5d0c2b41cce6,00000000887,,,,
hibachijapanesecuisine,6696344a9960040007850c8b,4ff8942b-ccd2-41af-b89b-813da68cad3a,00000000886,,,,
hibachijapanesecuisine,6696344a9960040007850c8b,0728f3bb-9965-42c7-870b-95a98b966d0d,00000000885,,,,
hibachijapanesecuisine,6696344a9960040007850c8b,35e19453-3e36-4870-8da4-5a0301acc3b7,00000000961,,,,
hallowridgefilipinasgolf,6495551fab00a5000747cf8e,0861efe6-0933-43f7-8585-721e2f83321f,00000013875,,,,
hallowridgefilipinasgolf,6495551fab00a5000747cf8e,ec2a6351-9022-4a57-8ba6-678916f57d80,00000013873,,,,
hallowridgefilipinasgolf,6495551fab00a5000747cf8e,4b9d6879-6265-4a71-bd67-fbc4c023db1e,00000013874,,,,
hallowridgefilipinasgolf,6495551fab00a5000747cf8e,38fb4813-e26b-484c-9213-64e3d279517d,00000013879,,,,
hallowridgefilipinasgolf,6495551fab00a5000747cf8e,7921dd04-a4a3-475f-8d56-8d69dc80fb01,00000013882,,,,
hallowridgefilipinasgolf,6495551fab00a5000747cf8e,4010470f-a261-4d8a-a3b0-41f4eacaa9c6,00000013887,,,,
hallowridgefilipinasgolf,6495551fab00a5000747cf8e,c800d979-c69f-46e1-8da2-49e5967f4fa9,00000013885,,,,
hallowridgefilipinasgolf,6495551fab00a5000747cf8e,b184ad5e-d1a9-492e-b791-c71d211f6f3a,00000013888,,,,
7373eventsplaceandrestaurant,6220b45edf78450008f6db1e,e237925f-22d3-4ada-b599-9ea4f68ef108,00000001617,,,,
limitlessarcade,657bf856a4655900064701a7,eb64749a-0f72-4b87-9723-50a5e370d858,00100011529,,,,
limitlessarcade,657bf856a4655900064701a7,c7a752c0-c94b-469c-be99-37f65e0712d0,00100011530,,,,
limitlessarcade,657bf856a4655900064701a7,86f73724-d452-49a5-b273-4b8df44b3f5b,00100011531,,,,
limitlessarcade,657bf856a4655900064701a7,c0ec33d4-2bdc-4932-9fbf-de97c31e9664,00100011561,,,,
limitlessarcade,657bf856a4655900064701a7,780599d2-7dec-4936-9ee3-5804f8633633,00100011562,,,,
thewaitingroomcafe,669f1756abe37800077c37f9,4832a8ca-03c1-4958-803f-7b596620373c,00100002954,,,,
lavayon,64eeee5e337a080007d53544,97a241a0-1c16-4617-9526-7e50f1f3f7c6,00000018242,,,,
lavayon,64eeee5e337a080007d53544,d0572c81-d3a3-4a95-9921-aa437a878ea0,00000018330,,,,
31ststreetbarandrestaurant,64047e0645ad540006ea7ec6,3b24dcfc-dbca-4e56-82b0-9479476e0360,00000002857,,,,
31ststreetbarandrestaurant,64047e0645ad540006ea7ec6,500085c6-dab7-4554-8105-390445526878,00000002856,,,,
31ststreetbarandrestaurant,64047e0645ad540006ea7ec6,348d1ef6-3f40-4adc-8c10-91d0fcf760b8,00000002855,,,,
31ststreetbarandrestaurant,64047e0645ad540006ea7ec6,8f13f0f2-d440-4a7a-8d5e-15d499a72385,00000002854,,,,
31ststreetbarandrestaurant,64047e0645ad540006ea7ec6,d1370d36-cc55-4eb0-8e53-5d9a06ae0bd6,00000002853,,,,
31ststreetbarandrestaurant,64047e0645ad540006ea7ec6,3c82c20e-cc25-45b9-ae94-4e629be7fe5c,00000002852,,,,
31ststreetbarandrestaurant,64047e0645ad540006ea7ec6,d1bcba78-38f7-4eb1-aa98-9178e03a91c6,00000002851,,,,
31ststreetbarandrestaurant,64047e0645ad540006ea7ec6,2f071ca6-4d7e-4688-94f2-9c53b8137ae3,00000002850,,,,
31ststreetbarandrestaurant,64047e0645ad540006ea7ec6,d3c385ad-e1f4-4b53-b6f0-cdec29aebb81,00000002849,,,,
31ststreetbarandrestaurant,64047e0645ad540006ea7ec6,b00d15a5-9582-4a00-ad52-e8d23c58f774,00000002848,,,,
31ststreetbarandrestaurant,64047e0645ad540006ea7ec6,ff966a45-b8ad-469f-a879-24f00612ba6a,00000002847,,,,
mmfssi,65e92658e68aa800082d711b,6672db14-f342-4796-bd0e-f9d95b2bb92e,00500011292,,,,
epicresto,63d9f06423f7b0000700501d,0d5790a5-5c23-4a03-bb36-b5ffda806610,00000010959,,,,
golfkitchenopc,657165fa51719f0006ead1cb,7484ae04-6c8d-4471-8b84-20cd10bddddc,00000017665,,,,
zhostel,659e2bf43a65880007e29d3c,b7434c4c-7f47-4a78-a42e-1ceda4ee4aff,00100011841,,,,
thewaitingroomcafe,64f6ce71add7f700076345b1,9fcdbc16-4d85-4cb0-aa12-39d2b8273a21,00000019128,,,,
thewaitingroomcafe,64f6ce71add7f700076345b1,7046e78f-4f5d-4b4a-8eb2-c4361b039f7a,00000019180,,,,
thewaitingroomcafe,64f6ce71add7f700076345b1,7e7aadce-154e-49f7-9fc2-beb1c92ffdfb,00000019283,,,,
thewaitingroomcafe,64f6ce71add7f700076345b1,7d3c3e97-b776-4867-a149-9f8d338e9bff,00000019410,,,,
solitas,63e6ec04d8b1ad0008c4f55f,86c24dad-2877-4080-9553-cbf64195436f,00000014701,,,,
solitas,63e6ec04d8b1ad0008c4f55f,251945e6-6a4a-4485-a27f-200731187e43,00000014785,,,,
edzrestaurant,6556ba3e0220670008e3f921,11eb8e5e-e35b-41dc-b8b7-b169c8bf8ed3,00100003883,,,,
edzrestaurant,6556ba3e0220670008e3f921,fb1ae6ed-50db-4892-af62-7897cc5d33a2,00100003884,,,,
edzrestaurant,6556ba3e0220670008e3f921,d029aecd-3280-4bf5-9c71-036278720222,00100003885,,,,
edzrestaurant,6556ba3e0220670008e3f921,65c4766f-5d79-4292-841b-19ede3e055c9,00100003881,,,,
edzrestaurant,6556ba3e0220670008e3f921,3155f481-da7d-4ea9-b29a-9f75bb3b438a,00100003882,,,,
edzrestaurant,6556ba3e0220670008e3f921,89afb41c-dbd0-4b1f-96ab-24b005118062,00100003886,,,,
edzrestaurant,6556ba3e0220670008e3f921,850f654c-bbfb-492d-b253-7e62e2fc78f5,00100003928,,,,
edzrestaurant,6556ba3e0220670008e3f921,0c1198e3-e11a-41a4-b65f-d81b61c1e971,00100003948,,,,
edzrestaurant,6556ba3e0220670008e3f921,edb233e2-4ef5-4948-b4cd-7637c874315f,00100003949,,,,
edzrestaurant,6556ba3e0220670008e3f921,a6e83d30-9fcf-4527-ae43-526952eaa905,00100004011,,,,
meobelchibugan,65d33d8cde543d000769c9dc,b040c52d-fa55-4f21-b6e5-83e1e84635d6,00000000876,,,,
meobelchibugan,65d33d8cde543d000769c9dc,4d2c6d0f-2458-4035-8a5f-aa1579af6ffe,00000000890,,,,
meobelchibugan,65d33d8cde543d000769c9dc,fc2061fc-d229-4fe2-b444-6cf8ba9be67d,00000000923,,,,
thebarracks,63d3a80a0e4f0e00081d1f48,3e124210-a0da-4041-9c25-7f32f3c73e30,00000004940,,,,
zenfinity,64e823709058340007de82a3,63e6703d-8cc9-4767-b607-23e8455c580c,00000002238,,,,
zenfinity,64e823709058340007de82a3,7930841a-7b1f-4690-9252-8f6e494bab81,00000002234,,,,
zenfinity,64e823709058340007de82a3,45cd1ba2-ab88-41a5-88fa-c7a3545c0a07,00000002235,,,,
zenfinity,64e823709058340007de82a3,b285b241-2290-491a-8c28-5df6c8579c67,00000002236,,,,
zenfinity,64e823709058340007de82a3,adeb836c-9109-43e9-ae6b-996632f20672,00000002237,,,,
happyday_2019,5d63ac3ab1f1861f4a34f0b7,b122d863-a376-4f95-ba98-5df2e85fd50f,00000062990,,,,
happyday_2019,5d63ac3ab1f1861f4a34f0b7,434d4097-9fac-4104-88ec-8649f7465306,00000062982,,,,
happyday_2019,5d63ac3ab1f1861f4a34f0b7,d8ff3249-870c-4d25-ba12-56c826a12ad7,00000062988,,,,
happyday_2019,5d63ac3ab1f1861f4a34f0b7,40f33ce8-0a18-4926-b1ff-75424a401045,00000062987,,,,
happyday_2019,5d63ac3ab1f1861f4a34f0b7,be075a0b-06aa-4e65-abb0-890719d683f5,00000062989,,,,
happyday_2019,5d63ac3ab1f1861f4a34f0b7,8b157646-fab9-4bb3-80e7-e8bbfbd7502a,00000062985,,,,
happyday_2019,5d63ac3ab1f1861f4a34f0b7,40fbdc9f-2578-4f96-9b71-94e325d05071,00000062983,,,,
happyday_2019,5d63ac3ab1f1861f4a34f0b7,7b092246-f112-4d2f-9230-55ae0b9fb661,00000062986,,,,
happyday_2019,5d63ac3ab1f1861f4a34f0b7,72bb40ad-a8b7-4147-8abb-2d61fdd0d2cd,00000062984,,,,
clublaiyabarbozza,647d8bf776c90900075dea97,419397f4-7e57-4874-8835-3bbb124d854b,00000005864,,,,
clublaiyabarbozza,647d8bf776c90900075dea97,2241c03c-3473-450b-92a9-649bcb50b8d8,00000005891,,,,
bennyandcherie,66711c369a95750006a3ad27,c076fb9b-ca84-4e0b-a0cb-f8e176d9ec95,00000000649,,,,
bennyandcherie,66711c369a95750006a3ad27,151461bc-aefd-4df5-9122-4fa3ade2b775,00000000686,,,,
bennyandcherie,66711c369a95750006a3ad27,7343f126-7c2d-40d6-a35a-0a6648809121,00000000687,,,,
bennyandcherie,66711c369a95750006a3ad27,d1b45a78-6489-4d63-a273-f2f7b75100c6,00000000688,,,,
bennyandcherie,66711c369a95750006a3ad27,3603f87d-809d-4cbd-a270-027a1389de15,00000000689,,,,
thai-mango,64f682ff55832f0007f8775f,2b419d2e-2bca-4f03-877c-c83ce81f46bc,00600005498,,,,
thai-mango,64f682ff55832f0007f8775f,53f5d5ae-c0e7-4bb5-a25f-0933b846a278,00600005487,,,,
youandme,63ad4156104e2100074e96d4,9846b057-e968-4189-8c67-b3b9d1a0bdad,00000040294,,,,
youandme,63ad4156104e2100074e96d4,1e7e29f0-f432-4db7-932a-f64389fe3000,00000040295,,,,
royalindiancurryhouseqc,660f66bd0fa7b4000824ef2e,a8661416-914f-453b-b37f-e62e6dd00e96,00000004834,,,,
royalindiancurryhouseqc,660f66bd0fa7b4000824ef2e,7bcfe08b-a828-453d-8ded-9eb4b66ed54c,00000004833,,,,
royalindiancurryhouseqc,660f66bd0fa7b4000824ef2e,acbd59dc-6947-4826-a03b-b4083477ed53,00000004832,,,,
royalindiancurryhouseqc,660f66bd0fa7b4000824ef2e,1abc57e0-e84e-436d-b20b-60deea5654c5,00000004830,,,,
royalindiancurryhouseqc,660f66bd0fa7b4000824ef2e,9708735c-5a87-45a1-8d0a-42355d4efd8e,00000004831,,,,
boxedblossoms,65d828949571bd00071621f3,9827e9b5-cf48-4e24-a331-74318460c978,00100000828,,,,
davaofamous,63cf530f76a1da0009d446eb,8f7c3649-07f7-4ec4-9859-b82e2cfd47de,00800007631,,,,
davaofamous,63cf530f76a1da0009d446eb,953e32e7-8481-4a35-a3d6-c2e48bc88b16,00800007633,,,,
davaofamous,63cf530f76a1da0009d446eb,2047534e-a740-4871-9c89-498628e8e394,00800007634,,,,
davaofamous,63cf530f76a1da0009d446eb,5eae5394-3aaf-4840-a8ea-091c18159fa7,00800007632,,,,
davaofamous,63cf530f76a1da0009d446eb,4abf455d-f768-47a7-8f69-d86697d81664,00800007636,,,,
davaofamous,63cf530f76a1da0009d446eb,c38e3c35-e2e6-446e-96d1-b8bbd8d0297a,00800007703,,,,
davaofamous,63cf530f76a1da0009d446eb,8c2b55a3-d47c-42b7-9ce0-2865a77a5379,00800007637,,,,
davaofamous,63cf530f76a1da0009d446eb,80e47885-e0d8-4bf9-8814-1dc3514b479a,00800007638,,,,
davaofamous,63cf530f76a1da0009d446eb,ec1fd516-46a7-4e1e-8ee9-98607633c0eb,00800007695,,,,
davaofamous,63cf530f76a1da0009d446eb,64f450ee-5227-4977-9b7a-81dc1bb0bf24,00800007960,,,,
davaofamous,63cf530f76a1da0009d446eb,76052d20-0e16-4102-b21b-df17df720504,00800008122,,,,
davaofamous,63cf530f76a1da0009d446eb,00ca3686-6fe8-4e19-9002-1b23dc7d83bc,00800008123,,,,
davaofamous,63cf530f76a1da0009d446eb,5df2821c-e278-4280-a0ff-0da521b0ae11,00800008124,,,,
davaofamous,63cf530f76a1da0009d446eb,5331aa1d-d5a4-41fc-a472-c18ef695cb6b,00800008125,,,,
davaofamous,63cf530f76a1da0009d446eb,27d44071-6c46-424a-a563-6a016dfa8167,00800008126,,,,
davaofamous,63cf530f76a1da0009d446eb,942dfac6-754b-4522-932c-a342652021fd,00800008292,,,,
davaofamous,63cf530f76a1da0009d446eb,cd3bbb10-9e6e-4c13-89b8-e831e3d5ace3,00800008294,,,,
davaofamous,63cf530f76a1da0009d446eb,8480cca8-ede4-4a1f-9412-05f5f2978fab,00800008293,,,,
davaofamous,63cf530f76a1da0009d446eb,a29e97f5-eb95-4c90-842d-872e6e11e695,00800008295,,,,
housemanilarestaurant,65487ea05a1bcc00071066f0,6541642d-4f9f-42c2-8c6e-e6323a2c15fd,00000006350,,,,
housemanilarestaurant,65487ea05a1bcc00071066f0,3eb1bc07-6261-4aac-9288-91d4a310d1d9,00000006349,,,,
housemanilarestaurant,65487ea05a1bcc00071066f0,9559500c-554c-42bf-9514-0597e08f84cc,00000006351,,,,
housemanilarestaurant,65487ea05a1bcc00071066f0,e7e92167-7ef4-4242-b7ae-e5042f13187f,00000006390,,,,
badcafe,5cf8ad010c0dae5ebcb7417b,72368dda-ea03-412e-b84f-d3bc3ee06880,00000090349,,,,
badcafe,5cf8ad010c0dae5ebcb7417b,a1bd68ce-10f9-43db-810a-a23aa805c342,00000090387,,,,
cowboytown8702,63e355b51b2cc700070e2746,bf6d6e3a-2c49-400e-b412-c92c419667b1,00100024205,,,,
cowboytown8702,63e355b51b2cc700070e2746,f69378b6-7be2-4310-8972-e74c59f18114,00100024206,,,,
cowboytown8702,63e355b51b2cc700070e2746,95f39160-393c-4f20-ab07-8d32173f0b45,00100024207,,,,
neelsfoodco,65dc0c12e0cb530007e07776,3a665732-c128-4826-a80a-c08b1e10339b,00000002008,,,,
