business,registerId,storeId
cozecafe,"665404231981ca000791cbda","665404231981ca000791cbd8"
drwinebgccorp,"62a2fc88246bfe0009b14d9e","62a2fc88246bfe0009b14d9d"
krapow2020,"62d67bb669a7e600082e45a8","62d5302bf4d00c0006b38d6d"
haymekatalina,"663448bc498993000752a479","663448bc498993000752a477"
kimpana,"639fcc938406540008fafc8d","6332497e810aed0006b72106"
roguesquadron5,"5c9ddcb11522712b0ac3361b","5c9ddcb11522712b0ac3361a"
abrahambohol,"651a55cd0887a30007208aec","651a55cd0887a30007208aea"
west103,"64f13f8c07afb700073652b4","619dfa2074cf730006357812"
mtksignaturecafe,"65533d64c778b90007f2f4dc","65533d64c778b90007f2f4da"
locavore-greenhills,"65e66c376863dc0007e268d0","65e66c376863dc0007e268ce"
southbankcapcom,"637f183c8cda040007c5ca20","637f183c8cda040007c5ca1e"
snoozecafeandbar,"64a29b5d8944e10006250d0b","64a29b5d8944e10006250d09"
lingnamcaloocan,"656d606ee1d7560007299b0e","655abd8f4fa62d000705af88"
legaleatiesfoodinc,"64fac70f96fa380007dc4a92","64fac70f96fa380007dc4a8f"
lerevepatisserie,"5e4b6dc364518c1707ee44d5","5e4b6dc364518c1707ee44d4"
onamirestaurant,"606ac3639c3077000798fbd3","6076828713d21a000713ef1c"
seltsam,"5ff31a2d9c11330006dbab46","5ff31a2d9c11330006dbab45"
juhacafe,"66c6def886176d0007ab9c8d","66c6def886176d0007ab9c8b"
ragingbullburgers,"649d533d8cfd170008f323c2","64829f152e7b280008a85d6e"
anikaislandresort,"650126a47124ed0007684f30","650126a47124ed0007684f2e"
bokkoreanfriedchicken,"6357a40cad17f70007f5053c","6357b620694d640009cee8c3"
ohayo,"62d921c4be500d0007d60cb2","62d921c4be500d0007d60cb1"
bryellefoods,"63b5547a202918000771fc4f","63b5547a202918000771fc4d"
animalwellness,"6513c85804af4e000799a2ad","64da24544d14bd000747b594"
wellbainc,"65814e19387a280007830289","65814e19387a280007830285"
iveganrestaurantinc,"64c34b1ed10bc8000736b07b","64c34b1ed10bc8000736b079"
carmelossteakhouse,"6569519da187b500072c0033","6569519da187b500072c002e"
pinorestaurantph,"612d996207f13b00065bd8fa","60e672cdd0ec07000682bd0f"
introlounge,"64b4d6e7a2827e00074a1774","64b4d6e7a2827e00074a1772"
commonlyuncommoncoffee,"6203ed1750fe740006a8d2cb","6203ed1750fe740006a8d2ca"
davaofamous,"63cf525463f2d60007598211","63b7b1958149620008bd8202"
hillbarnrestaurant,"6283db45a138000007813dd8","6283db45a138000007813dd7"
famouscountrywaffle,"65b76f036859a4000600bb12","65b76f036859a4000600bb10"
tangopoblacion,"643b9d13b9357c0007339fd1","643b9d13b9357c0007339fcf"
cutsnchillbarbershop,"66c8889fb2640900072af1a6","66fcf14f095ff500079ef0f9"
sorianosrestaurant,"64ed7d0f1569380007ec5b72","64ed7d0f1569380007ec5b6f"
designstory,"65c303744fe4ffc368d2c74d","663994b29dbbd900087f409d"
coffeespot04,"65b362d6f2714f0008d5250c","65b362d6f2714f0008d5250a"
theabacagroup,"647eea07e1a17f0009e9d1cf","64f9b740ffbf7f0007d6ffa8"
wheyking,"667a8f94d6f2440007b8a230","667a8ddf1b6377000740292c"
krapow2020,"5eaebf7099c20b068d7f467b","5eaebf7099c20b068d7f467a"
cris,"66b5bf17f593d10007887ff4","59af95539eb279515bfd0741"
organicogourmetinc,"6513bb850e9ee6000734fa76","6513bb183c677c000791fe4a"
herr,"660bbf7cdef11a0007af75e9","660bbf7cdef11a0007af75e7"
spottedpigcafe-legazpi,"65b37b834ac979000829bec9","65b37b834ac979000829bec7"
southbankcafelounge,"5ce655af5d05b92532da9e96","5ce655af5d05b92532da9e95"
brunchbureau,"65110364bae3c600074c9aad","65110364bae3c600074c9aab"
bokkoreanfriedchicken,"60963ac30346620006032615","64c1fbefe7bded00089fc19f"
hifibrewcoffeeshopco,"667547342f92bc00076eacb1","667547342f92bc00076eacaf"
palmtreeabbey,"651636f094defb000747f0fd","651636f094defb000747f0fb"
dapoattisa,"64c083440b365d00077158bf","64c083440b365d00077158bd"
halfandhalfcafe,"668bb85eb77b40000744e5a0","668bb85eb77b40000744e59e"
izakaya,"654833de74d1fc0007de4be3","642a5da269f32b00061c042c"
skylinesportsandsocial,"6620cad04f3bea0007cb77e9","6620cad04f3bea0007cb77e7"
vistacafe,"64c77be6cff052000724177c","64c77be6cff052000724177a"
grumpyjoepampanga,"62db5a0e61258900085b6382","62db5a0e61258900085b6381"
big30pizza,"64d1af6a24ed330007f47dc2","64d1af6a24ed330007f47dbf"
parvusmagnumfoodcorporation,"5b027ba2d5b9075c90251170","5b027ba2d5b9075c90251176"
atinacafecorp,"65b31520d0541100088da551","65b31520d0541100088da54e"
globalpot,"666a68082bbb140007ad20a4","666a68082bbb140007ad20a1"
triboacafeinc,"652e1c3742fefc0007a98a63","652e1c3742fefc0007a98a61"
"3rdgengloryscafe1948","5e312e43beebe61304d7a56a","5e312e43beebe61304d7a569"
menyakokoro,"64e827bf2d7db10007b364d7","64e827bf2d7db10007b364d5"
manduca,"63c0034acec98b0009a359c8","63c0034acec98b0009a359c6"
theabacagroup,"656da03e24f777304b67d7ce","65c45a4f89287e0008fc33bd"
houseofwagyu,"661def3505db89000772efa2","661ded6e35189700074745c5"
hirojapaneseyakinikurestaurant,"6641d9f7bf50020007d25d1d","6641d9f7bf50020007d25d1b"
thevaultroomcebu,"64abbf3af78336000725f9a3","64abbf3af78336000725f9a1"
rockon,"64d992c5d833ce000759c1c0","64d992c5d833ce000759c1be"
centreplacecafe,"642256c21ce07c000878ac7c","642256c21ce07c000878ac5d"
rabbitroom,"63cf8671f2d46900079efb5a","63cf8671f2d46900079efb58"
tastyhabitfoodinc,"64d065d6fd306e00076a2982","64ceeca73a1941000731bbc0"
cafelesorellecbo,"5f1e5bf064dbf00007e2f723","5f1e5bf064dbf00007e2f722"
saldosfarm,"64120b0b3b17060006ddc549","64120b0b3b17060006ddc547"
dragonflycafe,"6566d63d4f78bb0007a98f65","6566d63d4f78bb0007a98f63"
melodyrestobar,"657facf1dd366e0008286a68","657facf1dd366e0008286a66"
acaciasteakhouse,"623aa07c84ad0f000702cd26","623aa07c84ad0f000702cd24"
thekitchenpartyinc,"63bbbe4200f04b0006943b7c","63bbbe4200f04b0006943b79"
cutsnchillbarbershop,"65c437ec65992800074f09b7","65c437ec65992800074f09b5"
hungryhomiesph,"66aa03dd5a5ee000073a0e5c","66aa15ab3ece2b000736194e"
ajiichiban,"6639efd54694700008d7ccc8","6639efd54694700008d7ccc6"
mariosrestaurant,"64f51f3237e03500071408fc","64f51f3237e03500071408fa"
bitebakerykitchen,"6502a56cfebf5c0007731d31","6502a56cfebf5c0007731d2f"
sparrowcafe,"655f00e9ef33fb0007cf0be6","655f00e9ef33fb0007cf0be4"
pat-patskansi-taguig,"65b8a4496859a400061fb394","65b8a4496859a400061fb392"
pedrothegrocer-opus,"668275b91d48680006e59e84","668275b91d48680006e59e82"
frankxdean,"5d4d186853e4110f755a727b","5d4d186853e4110f755a727a"
theabacagroup,"624b01ce2f8651000871c220","6209c618f29342000684688c"
gulpersbarandrestaurant,"6413f1c3468e1400091b5be2","6413f1c3468e1400091b5bdf"
chic-boy,"633fda6bf550450007b32e77","633fda6bf550450007b32e60"
cris,"5d7228adef03070c322aeaf6","59af95539eb279515bfd0741"
dapoattisa,"64d1ac3fd394840007ff1bdf","64c083450b365d00077158da"
lekairamen,"65499f0679f5e500076004eb","65499f0679f5e500076004e9"
zhostel,"65bb6a506d0aee00070113ba","65bb68dcb073190006f0a428"
communeserendra,"66ac9cc4b9f1f70007a9014a","66ac9cc4b9f1f70007a90136"
pancocafe,"66347fb81cff9600074524ed","66347edd770e2300075abbe9"
naanbetterinc,"6406b2246053ca00078a3591","6406b2246053ca00078a358f"
tsumuramakati,"65a8d5cdaa6615000744f99a","65a8d5cdaa6615000744f998"
bibio,"645dbc7d2ebb5b0008e07fdf","645dbc7d2ebb5b0008e07fdb"
davaofamous,"63cf5117c7a5e50008922b07","63b52785c889a9000707784a"
alphagolf,"655721bd0220670008f51446","655721bd0220670008f51444"
ohmygulay,"6639fdf0ee25190007a8bbe6","6639fdf0ee25190007a8bbe4"
wokalley,"5e6c724e68f1c10b2e250fd1","5e6c724e68f1c10b2e250fd0"
buccaneers,"5c98929cc146db62ccfeaf2d","5c98929cc146db62ccfeaf2c"
makerandmadebgc,"647d52a7f11fbc0008f576e3","647d52a7f11fbc0008f576e1"
theabacagroup,"634cf3f63617f30008ba69d6","633f9e84e7b3860007f73237"
mdretailcorp,"65702ba0aa14b00007dcb325","65702ba0aa14b00007dcb321"
unleashedveterinarytradingcorp,"65fa38679605090007ef7a4f","65f94d8e9605090007de9113"
amarelacucinacalasiao,"624c04c5e611d700073ec2f4","624c04c5e611d700073ec2f3"
kapebenito,"645282aa17185900085b8d93","645282aa17185900085b8d91"
mambobeachclub,"659cbf9a3a65880007ba22f9","659cbf9a3a65880007ba22f7"
buglasisla,"65bb4ca743849600075926b7","65bb4ca743849600075926b5"
bokkoreanfriedchicken,"64a29c0e45f8480007c5b0ce","64a29ab147afd30008339cac"
kapeancafecorp,"62e006e4412b090008bcbaa6","62e006e4412b090008bcbaa5"
sunkissedcafe,"63b53618fa5ce600074ef517","63b53618fa5ce600074ef515"
brittanyhotel,"64f6e9527bd2fa00079307b1","64f6e96124e5e000077e7c41"
papabo,"65840306638e980006d5ab85","65840306638e980006d5ab83"
breakfastmagnolia,"64548a2811685400072adf36","645b190138fa3a00077db4bd"
camino,"64c088bc411318000710b0bd","64c088bc411318000710b0ae"
altitudecraftcoffee,"66a347595799a300067b4303","66a347595799a300067b42ff"
asmalldeli,"6539dabd1121e50007ed01a2","6539dabd1121e50007ed01a0"
alqaysarestaurant,"660f631c8397df0007af1b10","65fcf28607c1a0000670d766"
mmfssi,"65e9264651d6ea00074d4c95","65e92615cff59c000872eb5f"
theweekend,"6141c3aebead9d0006603c03","611de70671e8d000072a38de"
organaturelink,"635268ce7e454900071b9545","635268ce7e454900071b9542"
trademarkcebu,"622ee2b4d73a9300086c91d5","61ee23573db17a00066c88d7"
tastyhabitfoodinc,"638fcf11044bbf0007a343e1","638fce4a55f37c0009406634"
fbebrewingpointinc,"65e97e76f331980007c9987c","65e88c21d3e33a000616693c"
nimobrew,"601232c3163b800006ef9391","601232c3163b800006ef9390"
shinyajapaneserestaurant,"64df2a7766b1a2000774abff","64df2a7766b1a2000774abf8"
eraya,"66fb950cbed9ca00074c5d06","66fb950cbed9ca00074c5d04"
odenhousejapaneserestaurant,"64000afd690051000737abc6","64000afd690051000737abc4"
toj,"5db94461a7ab6b7094d132fa","5db94424a7e8e71f263f876e"
doonthaiandasianfusioncuisineinc,"6544afed2b2d2c0007cff734","6544afed2b2d2c0007cff732"
opcfactoryoutletcaloocan,"655c1eb81b5cf50007e92252","655afb06c8cc0c0007cd0bba"
siargaocornercafe,"65a6291ed59d4300076ecb1c","65a6291ed59d4300076ecb1a"
jiahkitchen,"663c381a1333bf0007af7545","663c381a1333bf0007af7543"
tambayenterprises,"66431818bf50020007ee3c43","66431818bf50020007ee3c41"
oldtimesph,"66445ef6939e3000078e3698","66445ef6939e3000078e3636"
bolero,"64e6cd784051a7000704b30b","64e6cd784051a7000704b307"
brunchbureau,"66b1ca6964975c000682cf07","66b1ca0deeebb900077cb4ad"
pedrothegrocer-wp,"6437587d82f7fc0008a85efb","6437587d82f7fc0008a85ef9"
jhuyfruit,"642cedb61d6e89000777d8a1","64016d8f6423a200074c6c3b"
laguadabirriabf,"64f6d9c28189df00074973ac","64f6d9c28189df00074973aa"
aburiexpress,"5d3164364a9c185a22610003","5d3164364a9c185a22610002"
pacificpoint,"64264739dcfbbb00076b887a","6423d3f87ffeb100076b2575"
mandalarestaurant,"63a3f5552f9de20007923f12","63a3f5552f9de20007923f10"
"9singbo","64f3ea514b2bdf0006ee6c94","64eefc7f37e0350007562326"
wadashiramen,"64f5a5da1c3c1a00084f623e","64f5a5da1c3c1a00084f623b"
landosbfresort,"6461e9082087160009cf5fa3","6461e9082087160009cf5fa1"
brittanyhotel,"64d24b3606fdf9000723401a","64d24afc24ed3300070f0b17"
oddcafe,"6652be1a1f1bd00007365ed1","664b05e8ff14620007786d65"
almapoblacion,"661e14dc348cb2000751224e","661e14dc348cb20007512249"
tightropeonepaseo,"640ecd4fba39d20008ad17b8","640ecd4fba39d20008ad17b2"
shanksossobuco,"6449d0ea90d746000883786c","6449d0ea90d746000883786a"
limbaga77,"6357c13d54f7120007e950e1","6357c13d54f7120007e950dd"
davaofamous,"63cf51d844afbd000764d10e","63b7b1958149620008bd8202"
lydiaslechonquezoncityinc,"64ed4ea120dd1900066ac318","654c6395d390470007e97cf8"
tightropeonepaseo,"65a7704f9df7240007e3c220","640ecd4fba39d20008ad17b2"
thegoodtablerestaurantscorp,"65bb3bda0ba23900072a77bc","65bb3bda0ba23900072a77ad"
btfcdelicacies,"64b8f8485f545d00072b955d","64b8f8485f545d00072b955b"
brittanyhotelvillarcity,"65f95f2f6173530007980558","65f95dad4553a0000765d951"
wagyumafia,"5d07459d9f063c6e865c8196","5d07459d9f063c6e865c8195"
romanticbaboysancarlos,"63647bfbcd816700080574dc","63647bfbcd816700080574da"
primogroupofcompaniesinc,"63d73eebf380e600076f7ea2","63d73eebf380e600076f7ea0"
beachhousebarandgrill,"6464adf103dc5f0007b24cbd","6464adf103dc5f0007b24cbb"
calalaiya,"653a09ddf1fb72000780c022","653a09ddf1fb72000780c020"
sagecafe,"659bc444385ad70007ea5da6","659bc444385ad70007ea5da4"
brittanyhotelvillarcity,"65f95d1b4a038100080233ed","65f95c656523ea0007d9a6f6"
caferoomnl,"64faec350fe53b0006d89562","64faec350fe53b0006d89560"
edzrestaurant,"653a32a44d84a700072cc797","653a32a44d84a700072cc794"
hungryhomiesph,"629eff5b9dedfd00076bbefb","629eff5b9dedfd00076bbef8"
lesaffranchiscorporation,"641aab9dc018280007b7d133","64142ab5bafb130007e82926"
theabacagroup,"63a13ae64660120007f19ac1","633f9f13324b930008941dbe"
salaryman,"65c19d5740e1150007190e62","65c19d5740e1150007190e60"
theboilermakerbataan,"663b2bdf78469100075e608c","663b2bdf78469100075e6089"
bosongcoffee,"668c9764812bcf0007127d3b","668c9764812bcf0007127d39"
floconceptsinc,"639ab79c1e917a0007f97b33","639ab79c1e917a0007f97b2e"
thecoffeebeanandtealeaf,"65cdc66ff700e50007656350","65cdc3d07ede6300077c671a"
fuego,"6527a42bea1d740007da03b0","6527a42bea1d740007da03ae"
balaibybrunchtest,"63c64707ef23d0000730315c","63c64707ef23d0000730315a"
"211coffeeandtea","6540d195b6c7f500088568ae","6540d195b6c7f500088568ac"
dailydynamiscorporation,"6544aab939fa2200076362d6","6544aab939fa2200076362d3"
thefuriainc,"64be20a3b49d3100080ac74f","64be20a3b49d3100080ac74d"
bombvinos,"64a287415cf7f8000773b03a","64a287415cf7f8000773b038"
lydiaslechonquezoncityinc,"665eece434ac6a0006020231","665d51c2e1c4180007308deb"
cafebasilico,"65b85beb0661ad000771586c","65b85beb0661ad000771586a"
oliviasfusion,"63984e51bdbacd000896229f","63984e51bdbacd000896229c"
hitchparksolutionsinc,"62f9997b64ca740008f12ad1","62f9997b64ca740008f12acf"
brittanyhotelvillarcity,"65af08388611fc00076d7643","65af08388611fc00076d7641"
lingnamevergotesco,"656698e82daff8000789e3b2","656698e82daff8000789e3b0"
golfxbgccorporation,"65ea84e9fcfd740007207d79","65ea84e9fcfd740007207d77"
cris,"6311672ea291db0007a724c3","59af95539eb279515bfd0741"
thankyouseafood,"651ce380cf6e0300074cd01b","651ce380cf6e0300074cd019"
storehubjoane,"65b8bd4f28799700073f6397","65c4461bb910c40007605c8b"
thelunatribe,"645e1381e3504d0007fbe16b","645e1381e3504d0007fbe169"
alcbistro,"63db10fd0b9af800089985ad","63db10fd0b9af800089985ab"
orientaldeli,"658591fe02dbd0000768f0b2","65858f56059feb0007163527"
novatownchinesecuisine,"64e8b0b14675fa00071ed89d","64e8b0b14675fa00071ed89b"
verde,"66cfe71117bb860007056d88","66cfe71117bb860007056d84"
morethancoffee,"666be44d0edbaf000762bb94","666be44d0edbaf000762bb90"
btfcrestaurant,"64b8fa457fd34d0007230914","64b8fa457fd34d0007230911"
bellaciaonaga,"6620866cc87609000781e0f5","6620866cc87609000781e0f3"
"1995vigan","64bdec4cf59066000869fbe6","64bdec4cf59066000869fbe4"
brittanyhotel,"645efba68f0de2000804814c","645efb84e1298a000766f02c"
cafenoelle,"65a08cd8cea52800070b83b2","65a08ccca3dfa600075c83e3"
baskcoffeehouse,"660bcf4441c60e000719dc6b","660bcf4441c60e000719dc69"
lankwaispeakeasyqc,"642c048c2411f00007a5513a","642c048c2411f00007a55136"
seoulramyeon,"64f058cc7bd2fa0007c46571","64f058cc7bd2fa0007c4656e"
wiltlovercafe,"666e3da20edbaf00079c007c","648c25a0e52d080007844111"
kijibakehouse,"6419fc5077631f0008ae2661","6419fc5077631f0008ae265f"
cris,"5d720e121ff21d4894cd344e","59af95539eb279515bfd0741"
tastyhabitfoodinc,"632abfe550ee4f000733c532","632a1dacd031eb00073d56b4"
bricklanedoughnuts,"6152c8ec8f9bc6000682de5c","6152c89fc388100006f6b216"
opcfactoryoutletcaloocan,"64b4ddc18c8b4900072bbe13","64b4ddc18c8b4900072bbe11"
one80restaurant2024,"659fb1c2533eca0007659de6","651ff8107e0af10007513d71"
bokkoreanfriedchicken,"62cbf82c983fe600071a6fac","630f3665824c3d00073dbfae"
charcoal,"6141768ab57be60006993fdd","61af18a1ca61dd0006f329c0"
cafeherecorner,"65f8ed9b70e9ac0007acb617","65e44cf60bd1c400070647fc"
hibachijapanesecuisine,"6696344a9960040007850c8b","669634499960040007850c87"
theabacagroup,"650c1003a797fb0007785dc3","651c28ccba58a800073d34d6"
hallowridgefilipinasgolf,"6495551fab00a5000747cf8e","6495551fab00a5000747cf8c"
animalwellness,"64642d76e3504d0007cef797","64642b3f4776a50008d34697"
jipan,"6555d1f3761646000824e7fa","6555d1f3761646000824e7f7"
"7373eventsplaceandrestaurant","6220b45edf78450008f6db1e","6220b45edf78450008f6da82"
archdukecoffee,"65cc1b8eb49b54000747a6c7","65cc1b8eb49b54000747a6c5"
minante,"6630c09b66dfbd00071b0062","6630c09b66dfbd00071b0060"
bokkoreanfriedchicken,"638454701ada650007151d53","63844fca2c04ed00074789f2"
houseofwagyu,"5e1fbeb93b6600198a8d918e","5dd7d086bd56653119bd598d"
limitlessarcade,"657bf856a4655900064701a7","657bfb22dc7ee60007574197"
roquefortinc,"653a0ed3f1fb720007819dbc","6573e4d01bed78000856bdde"
lagrima,"65d412b7b4db04000760aa56","65d412b7b4db04000760aa2d"
piyestambayan,"6629c26b1b84230007542ce5","6629c26b1b84230007542ce3"
lemmys,"667d1281cfe6a9000791c2d9","667d1281cfe6a9000791c2d7"
animalwellness,"593fa9d5b022fae11fc11672","5945db9943962aa21f930229"
thewaitingroomcafe,"669f1756abe37800077c37f9","669f1692990ce600078d2293"
annex-housebistro,"652f98c62515580007612a98","652f98c62515580007612a96"
animalwellness,"58638156168c89935d76ce0c","5825d9d9c7e536be3e8ad90d"
lavayon,"64eeee5e337a080007d53544","64eeee5e337a080007d53542"
"31ststreetbarandrestaurant","64047e0645ad540006ea7ec6","64047e0645ad540006ea7ec4"
butteryandco,"5ffe5f8a4acfc90006d1f467","5ffe5f8a4acfc90006d1f466"
robcomputershop,"63e9ff2d3991c8000700be75","6487dc8acb811f0007c431ad"
lachinesca,"66e036239d340b0007d2b5f5","66de97cee77a820007db2180"
mmfssi,"65e92658e68aa800082d711b","65e93649f38e710007f160da"
epicresto,"63d9f06423f7b0000700501d","63d9f06423f7b0000700501b"
golfkitchenopc,"657165fa51719f0006ead1cb","657165fa51719f0006ead1c9"
zhostel,"659e2bf43a65880007e29d3c","659ceeaedbdf0e00074aadd2"
disciplebrew,"653b6564f9ed5c0007b5f6e1","653b6564f9ed5c0007b5f6df"
thecubby,"6446502cf2e54a0008ab7331","6446502cf2e54a0008ab732f"
thepantryiligan,"6017c1a3a818880006e14aad","6017c1a3a818880006e14aac"
thewaitingroomcafe,"64f6ce71add7f700076345b1","64f6ce71add7f700076345af"
solitas,"63e6ec04d8b1ad0008c4f55f","63e6ec04d8b1ad0008c4f55d"
edzrestaurant,"6556ba3e0220670008e3f921","653a32a44d84a700072cc794"
meobelchibugan,"65d33d8cde543d000769c9dc","65d33d8cde543d000769c9da"
opcfactoryoutletcaloocan,"65277ce9c8c30e00064a270f","65489b8b5711190007e0adab"
thebarracks,"63d3a80a0e4f0e00081d1f48","63d3a80a0e4f0e00081d1f46"
zenfinity,"64e823709058340007de82a3","66bda321a8aca700063b4baf"
happyday_2019,"5d63ac3ab1f1861f4a34f0b7","5dd08656c6f4f1691ff9c4cf"
clublaiyabarbozza,"647d8bf776c90900075dea97","647d8bf776c90900075dea95"
afterhoursbar,"5dc4d2b8a30cd37bccbb1a8f","5dc4d2b8a30cd37bccbb1a8e"
cinema76cafe,"65bc9b59a3a628000785a620","65bc9b59a3a628000785a61e"
rockwell,"67077abede8f160006d5ad04","63a2aa770d9d890009afdc5e"
bennyandcherie,"66711c369a95750006a3ad27","66711c369a95750006a3ad12"
thai-mango,"64f682ff55832f0007f8775f","64f60a8b37e035000737b4f7"
youandme,"63ad4156104e2100074e96d4","63ad4156104e2100074e96d2"
pcogroupventuresopc,"63842afa5401f2760fa78427","66928f5aef9f4c00061f0f9a"
meatandbrewco,"65fbdd84f6ac420007e6e484","65fbdd84f6ac420007e6e482"
royalindiancurryhouseqc,"660f66bd0fa7b4000824ef2e","660f66bd0fa7b4000824ef2c"
boxedblossoms,"65d828949571bd00071621f3","65bb0599828ae7000685c1b5"
artcirclecafe,"5b16288c16526d2e4ee5428a","5b16288c16526d2e4ee54289"
yumenoaji3,"6423eb90734c1e0007ba7c85","6423eb90734c1e0007ba7c83"
songtanpremiumbbq,"66599712dc763e0007db161c","66599712dc763e0007db161a"
orientaldeli,"5f320d7b02b2bd00066d120d","5f320d0a40b303000612affe"
fluttercafe,"66012cb5e4c80300071ad877","66012cb5e4c80300071ad875"
enomannbarpanglao,"63f718ba23c76d0008189721","63feaf9854e878000848c610"
fatdaddyfriedchicken,"65657f05c17276000722dbc4","65657e49cce30e00079e7ee5"
cafeph,"67170abcf40c6a00080af40c","6715ba65013c06000724cfec"
davaofamous,"63cf530f76a1da0009d446eb","667e4f37532f42000640dfcc"
housemanilarestaurant,"65487ea05a1bcc00071066f0","65487ea05a1bcc00071066ee"
singlescocktaillounge,"654888dca63eb30007bf4350","654888dca63eb30007bf434e"
westprimehotelrestaurant,"64548a877e32d900077d53d6","64548a877e32d900077d53d4"
pandeamerikana,"655c563f2e97160007308b12","655c563f2e97160007308b0e"
lachinesca,"665ffabe04f21c0007610df3","665ff99334ac6a000616f990"
lydiaslechonquezoncityinc,"65f79d67026e930007eb3777","65e8394dd3e33a00060a2c7a"
badcafe,"5cf8ad010c0dae5ebcb7417b","5cf8ad010c0dae5ebcb7417a"
cowboytown8702,"63e355b51b2cc700070e2746","63889789ee7e9500076433a9"
pcogroupventuresopc,"62739b084f83180008ddf4ff","649da3215cf7f80007df76aa"
orientaldeli,"5c3db13593a86b7871559715","5c3db13593a86b7871559714"
animalwellness,"63e20115c7dfeb00079bc0f3","5825d9d9c7e536be3e8ad90d"
neelsfoodco,"65dc0c12e0cb530007e07776","65ddba9c91a3b70007b08abc"
